ec,support_count,query_count,fallback_episodes
1.-.-.-,12,20,0
1.1.-.-,18,30,0
1.1.1.-,12,20,0
1.1.1.100,36,60,0
1.1.1.101,63,105,21
1.1.1.102,30,50,0
1.1.1.103,18,30,0
1.1.1.104,54,90,18
1.1.1.105,18,30,0
1.1.1.107,48,80,16
1.1.1.108,30,50,0
1.1.1.110,63,105,21
1.1.1.112,57,95,19
1.1.1.116,105,175,35
1.1.1.119,96,160,32
1.1.1.12,42,70,14
1.1.1.120,57,95,19
1.1.1.122,33,55,11
1.1.1.124,123,205,41
1.1.1.127,45,75,15
1.1.1.130,21,35,0
1.1.1.132,51,85,17
1.1.1.135,117,195,39
1.1.1.136,54,90,18
1.1.1.14,51,85,0
1.1.1.140,90,150,30
1.1.1.141,72,120,24
1.1.1.144,60,100,20
1.1.1.145,24,40,0
1.1.1.146,18,30,0
1.1.1.149,42,70,14
1.1.1.15,144,240,48
1.1.1.153,39,65,0
1.1.1.156,69,115,23
1.1.1.157,36,60,0
1.1.1.159,30,50,10
1.1.1.16,42,70,14
1.1.1.162,111,185,37
1.1.1.163,69,115,23
1.1.1.17,15,25,0
1.1.1.170,63,105,0
1.1.1.173,123,205,41
1.1.1.175,81,135,27
1.1.1.176,123,205,41
1.1.1.178,57,95,19
1.1.1.179,39,65,0
1.1.1.181,57,95,19
1.1.1.183,120,200,40
1.1.1.184,21,35,0
1.1.1.188,54,90,18
1.1.1.19,30,50,10
1.1.1.190,99,165,33
1.1.1.191,93,155,31
1.1.1.192,66,110,22
1.1.1.193,15,25,0
1.1.1.195,33,55,0
1.1.1.196,30,50,10
1.1.1.197,39,65,13
1.1.1.198,81,135,27
1.1.1.2,21,35,0
1.1.1.20,36,60,12
1.1.1.200,123,205,41
1.1.1.201,27,45,0
1.1.1.202,45,75,15
1.1.1.203,66,110,22
1.1.1.205,9,15,0
1.1.1.208,66,110,22
1.1.1.209,9,15,0
1.1.1.210,21,35,0
1.1.1.211,39,65,13
1.1.1.212,111,185,37
1.1.1.215,63,105,21
1.1.1.216,69,115,23
1.1.1.218,54,90,18
1.1.1.219,33,55,0
1.1.1.22,21,35,0
1.1.1.223,87,145,29
1.1.1.225,72,120,24
1.1.1.226,126,210,42
1.1.1.23,15,25,0
1.1.1.232,24,40,8
1.1.1.233,105,175,35
1.1.1.236,63,105,21
1.1.1.237,54,90,18
1.1.1.239,24,40,0
1.1.1.24,42,70,14
1.1.1.243,72,120,24
1.1.1.244,126,210,42
1.1.1.245,27,45,9
1.1.1.247,36,60,12
1.1.1.248,57,95,19
1.1.1.25,12,20,0
1.1.1.250,45,75,15
1.1.1.251,66,110,22
1.1.1.252,60,100,20
1.1.1.255,39,65,13
1.1.1.256,126,210,42
1.1.1.257,51,85,17
1.1.1.26,15,25,0
1.1.1.261,27,45,0
1.1.1.262,3,5,0
1.1.1.263,48,80,16
1.1.1.264,69,115,23
1.1.1.265,105,175,35
1.1.1.266,90,150,30
1.1.1.267,6,10,0
1.1.1.268,96,160,32
1.1.1.27,12,20,0
1.1.1.270,33,55,0
1.1.1.271,27,45,0
1.1.1.272,51,85,17
1.1.1.274,123,205,41
1.1.1.276,54,90,18
1.1.1.28,33,55,0
1.1.1.281,93,155,31
1.1.1.282,21,35,0
1.1.1.283,42,70,14
1.1.1.284,21,35,0
1.1.1.285,60,100,20
1.1.1.286,72,120,24
1.1.1.287,129,215,43
1.1.1.288,117,195,39
1.1.1.289,78,130,26
1.1.1.29,48,80,16
1.1.1.290,12,20,0
1.1.1.291,147,245,49
1.1.1.292,75,125,25
1.1.1.294,63,105,21
1.1.1.295,111,185,37
1.1.1.298,36,60,0
1.1.1.299,30,50,10
1.1.1.3,39,65,0
1.1.1.30,18,30,0
1.1.1.300,9,15,0
1.1.1.301,114,190,38
1.1.1.302,27,45,0
1.1.1.303,105,175,35
1.1.1.304,48,80,0
1.1.1.305,12,20,0
1.1.1.306,123,205,41
1.1.1.307,9,15,0
1.1.1.308,45,75,15
1.1.1.309,105,175,35
1.1.1.31,33,55,0
1.1.1.310,75,125,25
1.1.1.312,126,210,42
1.1.1.313,57,95,19
1.1.1.315,48,80,16
1.1.1.316,105,175,35
1.1.1.317,105,175,35
1.1.1.318,30,50,10
1.1.1.319,60,100,20
1.1.1.320,48,80,16
1.1.1.324,114,190,38
1.1.1.325,93,155,31
1.1.1.326,120,200,40
1.1.1.327,105,175,35
1.1.1.329,45,75,15
1.1.1.330,30,50,0
1.1.1.331,48,80,16
1.1.1.332,33,55,0
1.1.1.333,45,75,15
1.1.1.334,135,225,45
1.1.1.335,138,230,46
1.1.1.336,18,30,0
1.1.1.337,81,135,27
1.1.1.338,75,125,25
1.1.1.339,114,190,38
1.1.1.34,36,60,0
1.1.1.340,60,100,20
1.1.1.341,66,110,22
1.1.1.342,66,110,22
1.1.1.343,48,80,16
1.1.1.344,150,250,50
1.1.1.345,51,85,17
1.1.1.346,78,130,26
1.1.1.347,60,100,20
1.1.1.349,72,120,24
1.1.1.35,27,45,0
1.1.1.350,63,105,21
1.1.1.352,99,165,33
1.1.1.353,105,175,35
1.1.1.354,120,200,40
1.1.1.356,93,155,31
1.1.1.357,39,65,0
1.1.1.36,45,75,0
1.1.1.360,117,195,39
1.1.1.361,105,175,35
1.1.1.362,117,195,39
1.1.1.363,45,75,15
1.1.1.364,84,140,28
1.1.1.365,84,140,28
1.1.1.366,117,195,39
1.1.1.367,120,200,40
1.1.1.368,99,165,33
1.1.1.369,36,60,12
1.1.1.37,21,35,0
1.1.1.371,72,120,24
1.1.1.372,24,40,0
1.1.1.373,72,120,24
1.1.1.374,93,155,31
1.1.1.375,105,175,35
1.1.1.376,84,140,28
1.1.1.377,96,160,32
1.1.1.378,81,135,27
1.1.1.381,54,90,0
1.1.1.382,75,125,25
1.1.1.383,48,80,16
1.1.1.384,51,85,17
1.1.1.385,45,75,15
1.1.1.386,102,170,34
1.1.1.387,138,230,46
1.1.1.388,111,185,37
1.1.1.389,126,210,42
1.1.1.39,30,50,10
1.1.1.390,108,180,36
1.1.1.391,90,150,30
1.1.1.392,99,165,33
1.1.1.393,114,190,38
1.1.1.394,93,155,31
1.1.1.395,51,85,17
1.1.1.397,99,165,33
1.1.1.399,24,40,0
1.1.1.4,54,90,18
1.1.1.40,42,70,0
1.1.1.400,114,190,38
1.1.1.401,39,65,13
1.1.1.402,126,210,42
1.1.1.403,72,120,24
1.1.1.404,117,195,39
1.1.1.405,45,75,15
1.1.1.406,96,160,32
1.1.1.407,102,170,34
1.1.1.408,24,40,0
1.1.1.41,18,30,0
1.1.1.410,72,120,24
1.1.1.412,48,80,16
1.1.1.414,126,210,42
1.1.1.415,135,225,45
1.1.1.417,93,155,31
1.1.1.418,75,125,25
1.1.1.419,120,200,40
1.1.1.42,15,25,0
1.1.1.420,72,120,24
1.1.1.421,42,70,14
1.1.1.424,63,105,21
1.1.1.425,102,170,34
1.1.1.427,99,165,33
1.1.1.429,78,130,26
1.1.1.432,96,160,32
1.1.1.433,72,120,24
1.1.1.435,159,265,53
1.1.1.436,45,75,15
1.1.1.437,111,185,37
1.1.1.438,129,215,43
1.1.1.439,99,165,33
1.1.1.44,27,45,0
1.1.1.440,51,85,17
1.1.1.441,36,60,12
1.1.1.45,42,70,14
1.1.1.47,15,25,0
1.1.1.48,45,75,15
1.1.1.49,9,15,0
1.1.1.50,45,75,15
1.1.1.51,24,40,0
1.1.1.52,120,200,40
1.1.1.53,15,25,0
1.1.1.54,15,25,0
1.1.1.56,39,65,13
1.1.1.58,15,25,0
1.1.1.6,33,55,0
1.1.1.60,72,120,24
1.1.1.61,36,60,12
1.1.1.62,21,35,0
1.1.1.64,45,75,15
1.1.1.65,48,80,16
1.1.1.66,39,65,13
1.1.1.67,21,35,0
1.1.1.69,72,120,24
1.1.1.71,48,80,16
1.1.1.72,105,175,35
1.1.1.73,138,230,46
1.1.1.75,114,190,38
1.1.1.76,108,180,36
1.1.1.77,75,125,25
1.1.1.78,81,135,27
1.1.1.8,24,40,0
1.1.1.80,54,90,18
1.1.1.81,12,20,0
1.1.1.83,27,45,0
1.1.1.85,15,25,0
1.1.1.86,21,35,0
1.1.1.87,45,75,15
1.1.1.88,36,60,12
1.1.1.9,21,35,0
1.1.1.90,81,135,27
1.1.1.94,9,15,0
1.1.1.95,27,45,0
1.1.1.96,24,40,8
1.1.1.n11,42,70,14
1.1.1.n12,45,75,0
1.1.1.n4,144,240,48
1.1.1.n5,135,225,45
1.1.2.-,24,40,8
1.1.2.10,45,75,15
1.1.2.3,69,115,23
1.1.2.4,27,45,0
1.1.2.6,60,100,20
1.1.2.7,39,65,0
1.1.2.8,54,90,18
1.1.2.9,99,165,33
1.1.3.10,21,35,0
1.1.3.12,93,155,31
1.1.3.13,30,50,10
1.1.3.15,24,40,0
1.1.3.16,51,85,17
1.1.3.17,42,70,14
1.1.3.20,30,50,10
1.1.3.21,6,10,0
1.1.3.29,126,210,42
1.1.3.37,39,65,0
1.1.3.38,114,190,38
1.1.3.4,18,30,0
1.1.3.42,135,225,45
1.1.3.43,126,210,42
1.1.3.44,117,195,39
1.1.3.45,108,180,36
1.1.3.46,117,195,39
1.1.3.48,117,195,39
1.1.3.50,54,90,18
1.1.3.6,21,35,7
1.1.3.8,24,40,0
1.1.3.9,66,110,22
1.1.5.-,33,55,0
1.1.5.11,138,230,46
1.1.5.12,57,95,19
1.1.5.13,48,80,16
1.1.5.14,99,165,33
1.1.5.2,36,60,12
1.1.5.3,12,20,0
1.1.5.5,30,50,10
1.1.5.8,63,105,21
1.1.7.1,60,100,20
1.1.9.1,45,75,15
1.1.98.-,30,50,0
1.1.98.2,27,45,0
1.1.98.3,42,70,14
1.1.98.6,27,45,9
1.1.99.-,21,35,0
1.1.99.1,12,20,0
1.1.99.14,45,75,15
1.1.99.18,111,185,37
1.1.99.2,27,45,0
1.1.99.22,45,75,15
1.1.99.24,18,30,0
1.1.99.28,147,245,49
1.1.99.29,33,55,11
1.1.99.3,66,110,22
1.1.99.30,114,190,38
1.1.99.31,84,140,28
1.1.99.32,123,205,41
1.1.99.35,84,140,28
1.1.99.36,81,135,27
1.1.99.37,51,85,17
1.1.99.38,144,240,48
1.1.99.39,30,50,0
1.1.99.40,63,105,21
1.1.99.41,108,180,36
1.1.99.42,141,235,47
1.1.99.6,66,110,22
1.10.-.-,126,210,42
1.10.3.-,21,35,0
1.10.3.15,105,175,35
1.10.3.16,60,100,20
1.10.3.2,18,30,0
1.10.3.4,60,100,20
1.10.3.9,6,10,0
1.10.5.1,51,85,17
1.11.-.-,42,70,0
1.11.1.-,15,25,0
1.11.1.1,42,70,14
1.11.1.10,69,115,23
1.11.1.11,30,50,0
1.11.1.12,6,10,0
1.11.1.13,42,70,14
1.11.1.14,33,55,0
1.11.1.16,60,100,20
1.11.1.17,105,175,35
1.11.1.18,60,100,20
1.11.1.19,30,50,10
1.11.1.2,45,75,15
1.11.1.20,36,60,0
1.11.1.21,15,25,0
1.11.1.22,75,125,25
1.11.1.23,72,120,24
1.11.1.24,3,5,0
1.11.1.25,36,60,0
1.11.1.26,18,30,0
1.11.1.27,27,45,0
1.11.1.28,12,20,0
1.11.1.29,60,100,20
1.11.1.6,27,45,0
1.11.1.7,15,25,0
1.11.1.8,33,55,11
1.11.1.9,33,55,0
1.11.2.-,0,0,0
1.11.2.1,90,150,30
1.11.2.2,75,125,25
1.11.2.3,30,50,0
1.11.2.4,66,110,22
1.11.2.5,132,220,44
1.12.-.-,66,110,22
1.12.1.2,39,65,0
1.12.1.3,24,40,8
1.12.1.4,51,85,17
1.12.2.1,30,50,0
1.12.5.1,75,125,25
1.12.7.2,57,95,0
1.12.98.1,15,25,0
1.12.98.2,21,35,0
1.12.98.3,30,50,10
1.12.99.-,15,25,0
1.12.99.6,18,30,0
1.13.1.-,120,200,40
1.13.11.-,6,10,0
1.13.11.1,27,45,0
1.13.11.11,18,30,0
1.13.11.12,18,30,0
1.13.11.16,9,15,0
1.13.11.18,54,90,18
1.13.11.19,63,105,21
1.13.11.2,30,50,0
1.13.11.25,60,100,20
1.13.11.29,48,80,16
1.13.11.3,36,60,0
1.13.11.31,24,40,0
1.13.11.33,24,40,0
1.13.11.34,63,105,21
1.13.11.37,42,70,14
1.13.11.38,114,190,38
1.13.11.39,30,50,0
1.13.11.4,27,45,9
1.13.11.40,0,0,0
1.13.11.43,90,150,30
1.13.11.45,51,85,17
1.13.11.46,54,90,18
1.13.11.48,111,185,37
1.13.11.49,69,115,23
1.13.11.50,120,200,40
1.13.11.51,24,40,0
1.13.11.52,24,40,0
1.13.11.53,15,25,0
1.13.11.54,15,25,0
1.13.11.55,93,155,31
1.13.11.56,54,90,18
1.13.11.57,93,155,31
1.13.11.58,21,35,0
1.13.11.59,45,75,15
1.13.11.6,21,35,0
1.13.11.60,0,0,0
1.13.11.61,81,135,27
1.13.11.62,0,0,0
1.13.11.63,33,55,0
1.13.11.64,99,165,33
1.13.11.65,87,145,29
1.13.11.66,84,140,28
1.13.11.68,57,95,19
1.13.11.69,84,140,28
1.13.11.71,30,50,10
1.13.11.72,102,170,34
1.13.11.73,105,175,35
1.13.11.75,120,200,40
1.13.11.76,120,200,40
1.13.11.77,75,125,25
1.13.11.78,129,215,43
1.13.11.79,57,95,19
1.13.11.8,81,135,27
1.13.11.80,78,130,26
1.13.11.81,36,60,12
1.13.11.82,129,215,43
1.13.11.83,108,180,36
1.13.11.84,96,160,32
1.13.11.86,114,190,38
1.13.11.88,51,85,17
1.13.11.89,111,185,37
1.13.11.9,90,150,30
1.13.11.90,84,140,28
1.13.11.91,93,155,31
1.13.11.93,45,75,0
1.13.12.-,33,55,0
1.13.12.13,123,205,41
1.13.12.16,75,125,25
1.13.12.18,0,0,0
1.13.12.19,39,65,13
1.13.12.20,153,255,51
1.13.12.21,75,125,25
1.13.12.22,129,215,43
1.13.12.3,36,60,12
1.13.12.4,168,280,56
1.13.12.5,105,175,35
1.13.12.7,39,65,13
1.13.12.9,129,215,43
1.13.99.1,42,70,0
1.14.-.-,3,5,0
1.14.11.1,42,70,14
1.14.11.13,21,35,0
1.14.11.15,30,50,0
1.14.11.17,57,95,19
1.14.11.20,105,175,35
1.14.11.21,51,85,17
1.14.11.24,123,205,41
1.14.11.26,63,105,21
1.14.11.27,18,30,0
1.14.11.28,78,130,26
1.14.11.29,18,30,0
1.14.11.30,57,95,19
1.14.11.31,72,120,24
1.14.11.35,51,85,17
1.14.11.36,45,75,15
1.14.11.38,48,80,16
1.14.11.39,117,195,39
1.14.11.4,24,40,0
1.14.11.40,129,215,43
1.14.11.41,93,155,31
1.14.11.42,48,80,16
1.14.11.43,72,120,24
1.14.11.44,66,110,22
1.14.11.45,126,210,42
1.14.11.47,102,170,34
1.14.11.49,66,110,22
1.14.11.51,24,40,0
1.14.11.52,105,175,35
1.14.11.54,27,45,9
1.14.11.55,63,105,0
1.14.11.56,84,140,28
1.14.11.57,84,140,28
1.14.11.58,108,180,36
1.14.11.59,105,175,35
1.14.11.6,30,50,0
1.14.11.60,147,245,49
1.14.11.61,39,65,0
1.14.11.62,48,80,16
1.14.11.63,54,90,18
1.14.11.64,24,40,0
1.14.11.65,39,65,13
1.14.11.66,36,60,0
1.14.11.67,63,105,21
1.14.11.7,39,65,0
1.14.11.71,96,160,32
1.14.11.72,102,170,34
1.14.11.73,33,55,11
1.14.11.74,132,220,44
1.14.11.75,114,190,38
1.14.11.76,75,125,25
1.14.11.77,39,65,13
1.14.11.78,60,100,20
1.14.11.79,45,75,0
1.14.11.8,15,25,5
1.14.11.80,150,250,50
1.14.11.81,126,210,42
1.14.11.82,114,190,38
1.14.11.9,18,30,0
1.14.11.n4,69,115,23
1.14.12.-,42,70,0
1.14.12.1,21,35,7
1.14.12.10,54,90,18
1.14.12.11,60,100,20
1.14.12.12,51,85,17
1.14.12.13,84,140,28
1.14.12.14,81,135,27
1.14.12.15,36,60,12
1.14.12.17,27,45,0
1.14.12.18,27,45,0
1.14.12.19,15,25,0
1.14.12.24,108,180,36
1.14.12.25,96,160,32
1.14.12.26,75,125,25
1.14.12.3,45,75,15
1.14.12.7,72,120,24
1.14.13.-,12,20,0
1.14.13.1,51,85,17
1.14.13.101,120,200,40
1.14.13.105,60,100,20
1.14.13.111,45,75,15
1.14.13.113,45,75,15
1.14.13.114,60,100,20
1.14.13.122,81,135,27
1.14.13.127,15,25,0
1.14.13.128,96,160,32
1.14.13.130,126,210,42
1.14.13.131,102,170,34
1.14.13.146,99,165,33
1.14.13.148,21,35,0
1.14.13.149,153,255,51
1.14.13.154,129,215,43
1.14.13.16,108,180,36
1.14.13.160,78,130,26
1.14.13.166,78,130,26
1.14.13.167,96,160,32
1.14.13.168,45,75,0
1.14.13.170,78,130,26
1.14.13.171,147,245,49
1.14.13.172,81,135,27
1.14.13.178,126,210,42
1.14.13.179,108,180,36
1.14.13.180,57,95,19
1.14.13.181,54,90,18
1.14.13.182,42,70,14
1.14.13.187,126,210,42
1.14.13.189,147,245,49
1.14.13.195,72,120,24
1.14.13.196,39,65,0
1.14.13.2,66,110,22
1.14.13.20,51,85,17
1.14.13.200,51,85,17
1.14.13.208,69,115,23
1.14.13.209,78,130,26
1.14.13.210,99,165,33
1.14.13.211,66,110,22
1.14.13.216,108,180,36
1.14.13.217,69,115,23
1.14.13.218,51,85,17
1.14.13.219,117,195,39
1.14.13.22,99,165,33
1.14.13.220,141,235,47
1.14.13.223,123,205,41
1.14.13.224,111,185,37
1.14.13.225,0,0,0
1.14.13.226,117,195,39
1.14.13.227,24,40,0
1.14.13.228,108,180,36
1.14.13.229,126,210,42
1.14.13.23,96,160,32
1.14.13.231,33,55,11
1.14.13.232,75,125,25
1.14.13.234,102,170,34
1.14.13.235,69,115,23
1.14.13.236,87,145,29
1.14.13.237,48,80,16
1.14.13.238,99,165,33
1.14.13.239,51,85,17
1.14.13.24,51,85,17
1.14.13.240,57,95,19
1.14.13.244,30,50,10
1.14.13.246,117,195,39
1.14.13.247,111,185,37
1.14.13.248,69,115,23
1.14.13.249,48,80,16
1.14.13.25,30,50,0
1.14.13.250,90,150,30
1.14.13.251,39,65,13
1.14.13.252,84,140,28
1.14.13.253,45,75,0
1.14.13.29,60,100,20
1.14.13.32,27,45,0
1.14.13.33,45,75,15
1.14.13.38,54,90,18
1.14.13.39,24,40,8
1.14.13.43,111,185,37
1.14.13.50,93,155,31
1.14.13.59,27,45,9
1.14.13.63,108,180,36
1.14.13.69,69,115,23
1.14.13.7,30,50,10
1.14.13.8,15,25,0
1.14.13.81,18,30,0
1.14.13.83,102,170,34
1.14.13.84,105,175,35
1.14.13.9,21,35,0
1.14.13.92,99,165,33
1.14.13.n7,21,35,0
1.14.14.-,15,25,0
1.14.14.1,21,35,0
1.14.14.10,120,200,40
1.14.14.102,15,25,5
1.14.14.103,57,95,19
1.14.14.104,81,135,27
1.14.14.106,156,260,52
1.14.14.107,30,50,10
1.14.14.109,132,220,44
1.14.14.11,72,120,24
1.14.14.111,120,200,40
1.14.14.112,75,125,25
1.14.14.115,87,145,29
1.14.14.117,45,75,15
1.14.14.118,51,85,17
1.14.14.119,60,100,20
1.14.14.12,45,75,15
1.14.14.121,135,225,45
1.14.14.122,72,120,24
1.14.14.123,108,180,36
1.14.14.124,54,90,18
1.14.14.125,66,110,22
1.14.14.126,42,70,0
1.14.14.127,123,205,41
1.14.14.128,138,230,46
1.14.14.129,120,200,40
1.14.14.13,51,85,17
1.14.14.130,45,75,15
1.14.14.131,102,170,34
1.14.14.132,72,120,24
1.14.14.133,126,210,42
1.14.14.134,108,180,36
1.14.14.137,21,35,0
1.14.14.138,132,220,44
1.14.14.139,51,85,17
1.14.14.14,30,50,0
1.14.14.143,159,265,53
1.14.14.147,39,65,13
1.14.14.148,153,255,51
1.14.14.149,129,215,43
1.14.14.15,117,195,39
1.14.14.150,75,125,25
1.14.14.151,138,230,46
1.14.14.152,87,145,29
1.14.14.154,33,55,0
1.14.14.155,141,235,47
1.14.14.156,48,80,16
1.14.14.158,108,180,36
1.14.14.159,99,165,33
1.14.14.16,21,35,0
1.14.14.160,150,250,50
1.14.14.161,120,200,40
1.14.14.162,72,120,24
1.14.14.163,123,205,41
1.14.14.164,105,175,35
1.14.14.165,102,170,34
1.14.14.166,93,155,31
1.14.14.167,78,130,26
1.14.14.168,96,160,32
1.14.14.17,21,35,0
1.14.14.170,141,235,47
1.14.14.171,120,200,40
1.14.14.173,126,210,42
1.14.14.174,111,185,37
1.14.14.175,39,65,13
1.14.14.176,126,210,42
1.14.14.178,45,75,15
1.14.14.179,57,95,19
1.14.14.18,36,60,0
1.14.14.180,75,125,25
1.14.14.181,81,135,27
1.14.14.182,102,170,34
1.14.14.184,114,190,38
1.14.14.186,87,145,29
1.14.14.187,90,150,30
1.14.14.189,114,190,38
1.14.14.190,93,155,31
1.14.14.21,48,80,16
1.14.14.23,81,135,27
1.14.14.24,60,100,20
1.14.14.25,51,85,17
1.14.14.26,36,60,0
1.14.14.27,93,155,31
1.14.14.29,78,130,26
1.14.14.3,9,15,0
1.14.14.30,93,155,31
1.14.14.32,21,35,0
1.14.14.35,75,125,25
1.14.14.36,102,170,34
1.14.14.37,114,190,38
1.14.14.38,57,95,19
1.14.14.39,39,65,13
1.14.14.40,69,115,23
1.14.14.41,99,165,33
1.14.14.42,69,115,23
1.14.14.43,105,175,35
1.14.14.44,102,170,34
1.14.14.45,153,255,51
1.14.14.46,126,210,42
1.14.14.47,39,65,0
1.14.14.48,84,140,28
1.14.14.49,84,140,28
1.14.14.5,12,20,0
1.14.14.50,132,220,44
1.14.14.51,36,60,0
1.14.14.53,51,85,17
1.14.14.55,117,195,39
1.14.14.56,90,150,30
1.14.14.58,48,80,16
1.14.14.59,72,120,24
1.14.14.60,54,90,18
1.14.14.61,51,85,17
1.14.14.62,105,175,35
1.14.14.63,114,190,38
1.14.14.64,102,170,34
1.14.14.65,117,195,39
1.14.14.68,108,180,36
1.14.14.69,111,185,37
1.14.14.71,105,175,35
1.14.14.72,87,145,29
1.14.14.73,60,100,20
1.14.14.74,99,165,33
1.14.14.75,84,140,28
1.14.14.76,129,215,43
1.14.14.78,75,125,25
1.14.14.79,51,85,17
1.14.14.80,21,35,0
1.14.14.81,24,40,0
1.14.14.82,54,90,18
1.14.14.83,84,140,28
1.14.14.84,93,155,31
1.14.14.85,102,170,34
1.14.14.86,48,80,16
1.14.14.87,42,70,14
1.14.14.88,168,280,56
1.14.14.89,99,165,33
1.14.14.9,39,65,13
1.14.14.90,96,160,32
1.14.14.91,21,35,0
1.14.14.94,45,75,15
1.14.14.95,60,100,20
1.14.14.98,90,150,30
1.14.14.99,36,60,12
1.14.15.-,51,85,17
1.14.15.1,87,145,29
1.14.15.11,108,180,36
1.14.15.13,105,175,35
1.14.15.14,66,110,22
1.14.15.15,60,100,20
1.14.15.16,63,105,21
1.14.15.17,66,110,22
1.14.15.18,69,115,23
1.14.15.19,105,175,35
1.14.15.21,24,40,0
1.14.15.22,108,180,36
1.14.15.23,102,170,34
1.14.15.24,27,45,0
1.14.15.26,90,150,30
1.14.15.27,63,105,21
1.14.15.28,33,55,11
1.14.15.29,36,60,12
1.14.15.3,24,40,8
1.14.15.31,114,190,38
1.14.15.32,114,190,38
1.14.15.33,123,205,41
1.14.15.34,117,195,39
1.14.15.35,87,145,29
1.14.15.38,63,105,21
1.14.15.4,27,45,0
1.14.15.43,99,165,33
1.14.15.44,165,275,55
1.14.15.45,27,45,0
1.14.15.46,18,30,0
1.14.15.5,21,35,7
1.14.15.6,18,30,0
1.14.15.7,63,105,21
1.14.15.8,123,205,41
1.14.15.9,39,65,13
1.14.16.-,105,175,35
1.14.16.1,15,25,0
1.14.16.2,21,35,0
1.14.16.4,30,50,0
1.14.16.5,33,55,11
1.14.16.7,111,185,37
1.14.17.-,24,40,0
1.14.17.1,36,60,12
1.14.17.3,27,45,0
1.14.17.4,9,15,0
1.14.18.-,33,55,0
1.14.18.1,30,50,0
1.14.18.10,84,140,28
1.14.18.11,39,65,13
1.14.18.12,57,95,19
1.14.18.2,24,40,0
1.14.18.3,33,55,11
1.14.18.4,114,190,38
1.14.18.5,30,50,10
1.14.18.6,111,185,37
1.14.18.7,48,80,16
1.14.18.9,27,45,0
1.14.19.-,21,35,0
1.14.19.1,36,60,0
1.14.19.11,36,60,12
1.14.19.12,126,210,42
1.14.19.13,144,240,48
1.14.19.14,78,130,26
1.14.19.15,153,255,51
1.14.19.16,60,100,20
1.14.19.17,33,55,0
1.14.19.18,33,55,11
1.14.19.2,12,20,0
1.14.19.20,42,70,0
1.14.19.22,144,240,48
1.14.19.23,42,70,14
1.14.19.25,39,65,13
1.14.19.26,99,165,33
1.14.19.27,75,125,25
1.14.19.28,90,150,30
1.14.19.29,33,55,11
1.14.19.3,36,60,0
1.14.19.30,45,75,15
1.14.19.31,66,110,22
1.14.19.33,33,55,11
1.14.19.34,66,110,22
1.14.19.35,63,105,21
1.14.19.36,72,120,24
1.14.19.37,54,90,18
1.14.19.38,126,210,42
1.14.19.39,129,215,43
1.14.19.4,108,180,36
1.14.19.40,120,200,40
1.14.19.41,33,55,0
1.14.19.42,102,170,34
1.14.19.43,120,200,40
1.14.19.44,21,35,0
1.14.19.45,42,70,14
1.14.19.46,63,105,21
1.14.19.48,66,110,22
1.14.19.5,30,50,10
1.14.19.50,30,50,10
1.14.19.51,96,160,32
1.14.19.52,123,205,41
1.14.19.53,78,130,26
1.14.19.54,93,155,31
1.14.19.55,60,100,20
1.14.19.57,108,180,36
1.14.19.58,162,270,54
1.14.19.59,48,80,16
1.14.19.6,36,60,12
1.14.19.60,126,210,42
1.14.19.61,120,200,40
1.14.19.62,63,105,21
1.14.19.64,57,95,19
1.14.19.65,63,105,21
1.14.19.66,108,180,36
1.14.19.67,111,185,37
1.14.19.69,72,120,24
1.14.19.71,69,115,23
1.14.19.72,69,115,23
1.14.19.73,51,85,17
1.14.19.74,60,100,20
1.14.19.75,126,210,42
1.14.19.76,87,145,29
1.14.19.78,93,155,31
1.14.19.79,66,110,22
1.14.19.8,48,80,16
1.14.19.80,39,65,13
1.14.19.81,69,115,23
1.14.19.9,57,95,19
1.14.19.n4,72,120,24
1.14.19.n5,75,125,25
1.14.20.-,102,170,34
1.14.20.1,69,115,23
1.14.20.10,111,185,37
1.14.20.11,99,165,33
1.14.20.15,108,180,36
1.14.20.3,87,145,29
1.14.20.4,36,60,0
1.14.20.5,102,170,34
1.14.20.6,36,60,0
1.14.20.7,54,90,18
1.14.20.8,108,180,36
1.14.99.1,27,45,0
1.14.99.15,126,210,42
1.14.99.22,114,190,38
1.14.99.29,15,25,0
1.14.99.38,33,55,11
1.14.99.39,78,130,26
1.14.99.44,87,145,29
1.14.99.46,12,20,0
1.14.99.47,126,210,42
1.14.99.48,21,35,0
1.14.99.53,69,115,23
1.14.99.55,42,70,14
1.14.99.56,21,35,0
1.14.99.57,78,130,26
1.14.99.58,87,145,29
1.14.99.59,90,150,30
1.14.99.60,15,25,0
1.14.99.61,75,125,25
1.14.99.62,120,200,40
1.14.99.63,42,70,14
1.14.99.64,105,175,35
1.14.99.65,99,165,33
1.14.99.66,48,80,16
1.14.99.67,117,195,39
1.14.99.68,111,185,37
1.14.99.n4,36,60,12
1.15.1.1,9,15,0
1.15.1.2,33,55,0
1.16.-.-,15,25,0
1.16.1.-,39,65,0
1.16.1.1,30,50,0
1.16.1.10,63,105,21
1.16.1.6,54,90,18
1.16.1.7,33,55,0
1.16.1.8,54,90,18
1.16.1.9,33,55,0
1.16.3.-,132,220,44
1.16.3.1,12,20,0
1.16.3.2,36,60,0
1.16.3.4,30,50,10
1.16.99.1,126,210,42
1.17.1.-,90,150,30
1.17.1.10,90,150,30
1.17.1.3,105,175,35
1.17.1.4,57,95,0
1.17.1.5,39,65,13
1.17.1.8,15,25,0
1.17.1.9,27,45,0
1.17.2.1,129,215,43
1.17.2.2,147,245,49
1.17.2.3,99,165,33
1.17.3.-,117,195,39
1.17.3.2,0,0,0
1.17.3.5,84,140,28
1.17.4.-,75,125,25
1.17.4.1,12,20,0
1.17.4.2,18,30,0
1.17.5.2,66,110,22
1.17.5.3,117,195,39
1.17.7.1,39,65,0
1.17.7.2,66,110,22
1.17.7.3,9,15,0
1.17.7.4,18,30,0
1.17.8.1,54,90,18
1.17.9.1,114,190,38
1.17.98.2,63,105,21
1.17.98.4,57,95,19
1.17.99.3,39,65,13
1.17.99.6,21,35,0
1.17.99.8,57,95,19
1.18.-.-,126,210,42
1.18.1.-,18,30,0
1.18.1.1,30,50,10
1.18.1.2,15,25,0
1.18.1.3,15,25,0
1.18.1.4,123,205,41
1.18.1.5,108,180,36
1.18.1.6,24,40,0
1.18.1.7,81,135,27
1.18.6.1,18,30,0
1.19.1.1,42,70,14
1.2.-.-,39,65,0
1.2.1.-,15,25,0
1.2.1.10,9,15,0
1.2.1.100,96,160,32
1.2.1.101,87,145,29
1.2.1.103,27,45,0
1.2.1.106,39,65,0
1.2.1.11,9,15,0
1.2.1.12,6,10,0
1.2.1.13,45,75,0
1.2.1.19,36,60,0
1.2.1.21,108,180,36
1.2.1.22,36,60,12
1.2.1.24,21,35,0
1.2.1.26,42,70,14
1.2.1.27,21,35,0
1.2.1.28,27,45,0
1.2.1.3,15,25,0
1.2.1.30,0,0,0
1.2.1.31,36,60,12
1.2.1.32,42,70,14
1.2.1.36,24,40,0
1.2.1.38,9,15,0
1.2.1.39,33,55,11
1.2.1.4,48,80,16
1.2.1.41,15,25,0
1.2.1.44,30,50,10
1.2.1.46,36,60,0
1.2.1.47,21,35,0
1.2.1.48,33,55,11
1.2.1.5,33,55,0
1.2.1.50,39,65,13
1.2.1.51,0,0,0
1.2.1.54,15,25,0
1.2.1.58,75,125,25
1.2.1.59,27,45,0
1.2.1.60,108,180,36
1.2.1.62,126,210,42
1.2.1.64,69,115,23
1.2.1.65,45,75,15
1.2.1.67,45,75,15
1.2.1.68,72,120,24
1.2.1.69,141,235,47
1.2.1.7,42,70,14
1.2.1.70,15,25,0
1.2.1.71,15,25,0
1.2.1.75,51,85,17
1.2.1.76,66,110,22
1.2.1.77,105,175,35
1.2.1.78,99,165,33
1.2.1.8,12,20,0
1.2.1.80,69,115,23
1.2.1.81,72,120,24
1.2.1.82,63,105,21
1.2.1.83,123,205,41
1.2.1.84,21,35,0
1.2.1.85,60,100,20
1.2.1.87,27,45,0
1.2.1.88,21,35,0
1.2.1.89,81,135,27
1.2.1.9,39,65,0
1.2.1.90,63,105,21
1.2.1.91,150,250,50
1.2.1.92,69,115,23
1.2.1.94,36,60,12
1.2.1.95,0,0,0
1.2.1.96,90,150,30
1.2.1.97,39,65,13
1.2.1.98,129,215,43
1.2.1.n2,84,140,28
1.2.2.-,117,195,39
1.2.3.1,48,80,16
1.2.3.14,0,0,0
1.2.3.15,99,165,33
1.2.3.3,81,135,27
1.2.3.4,45,75,15
1.2.3.5,42,70,14
1.2.3.7,0,0,0
1.2.4.-,33,55,0
1.2.4.1,21,35,0
1.2.4.2,18,30,0
1.2.4.4,27,45,0
1.2.5.1,135,225,45
1.2.5.2,60,100,20
1.2.5.3,39,65,0
1.2.7.-,39,65,13
1.2.7.1,45,75,0
1.2.7.11,36,60,0
1.2.7.12,21,35,0
1.2.7.3,27,45,0
1.2.7.4,24,40,0
1.2.7.5,39,65,13
1.2.7.6,111,185,37
1.2.7.7,24,40,0
1.2.7.8,33,55,0
1.2.98.1,66,110,22
1.2.99.-,57,95,19
1.2.99.10,69,115,23
1.2.99.6,42,70,14
1.2.99.7,114,190,38
1.20.1.1,105,175,35
1.20.4.1,39,65,0
1.20.4.2,33,55,0
1.20.4.3,72,120,24
1.20.4.4,21,35,0
1.20.99.1,51,85,17
1.21.-.-,33,55,11
1.21.1.-,126,210,42
1.21.1.1,24,40,0
1.21.3.1,27,45,0
1.21.3.10,60,100,20
1.21.3.11,141,235,47
1.21.3.3,69,115,23
1.21.3.6,123,205,41
1.21.3.7,117,195,39
1.21.3.8,126,210,42
1.21.4.1,54,90,18
1.21.4.2,12,20,0
1.21.4.3,18,30,0
1.21.4.4,30,50,0
1.21.98.-,54,90,18
1.21.98.1,75,125,25
1.21.98.3,60,100,20
1.21.98.4,18,30,0
1.21.99.1,51,85,17
1.21.99.3,18,30,0
1.21.99.4,27,45,0
1.21.99.5,30,50,10
1.23.1.-,18,30,0
1.23.1.1,45,75,0
1.23.1.2,51,85,17
1.23.1.3,39,65,13
1.23.5.1,36,60,12
1.3.-.-,24,40,0
1.3.1.1,21,35,7
1.3.1.100,81,135,27
1.3.1.102,114,190,38
1.3.1.103,117,195,39
1.3.1.104,30,50,0
1.3.1.105,39,65,13
1.3.1.106,18,30,6
1.3.1.107,114,190,38
1.3.1.108,66,110,22
1.3.1.112,72,120,24
1.3.1.113,114,190,38
1.3.1.114,111,185,37
1.3.1.115,117,195,39
1.3.1.116,105,175,35
1.3.1.12,24,40,0
1.3.1.120,138,230,46
1.3.1.121,33,55,11
1.3.1.122,36,60,0
1.3.1.123,108,180,36
1.3.1.124,36,60,0
1.3.1.125,120,200,40
1.3.1.14,6,10,0
1.3.1.19,120,200,40
1.3.1.2,57,95,19
1.3.1.20,30,50,0
1.3.1.21,33,55,0
1.3.1.24,60,100,20
1.3.1.25,54,90,18
1.3.1.28,63,105,21
1.3.1.29,54,90,18
1.3.1.3,63,105,21
1.3.1.31,78,130,26
1.3.1.32,45,75,0
1.3.1.33,36,60,0
1.3.1.34,87,145,29
1.3.1.38,42,70,14
1.3.1.39,60,100,20
1.3.1.42,42,70,14
1.3.1.44,24,40,0
1.3.1.45,27,45,9
1.3.1.48,39,65,0
1.3.1.49,102,170,34
1.3.1.53,90,150,30
1.3.1.54,33,55,11
1.3.1.56,51,85,17
1.3.1.57,84,140,28
1.3.1.58,78,130,26
1.3.1.60,69,115,23
1.3.1.70,33,55,0
1.3.1.71,36,60,12
1.3.1.72,36,60,12
1.3.1.73,90,150,30
1.3.1.74,54,90,0
1.3.1.75,57,95,19
1.3.1.76,18,30,0
1.3.1.77,123,205,41
1.3.1.78,102,170,34
1.3.1.81,123,205,41
1.3.1.82,126,210,42
1.3.1.83,42,70,14
1.3.1.84,33,55,11
1.3.1.85,102,170,34
1.3.1.86,72,120,24
1.3.1.87,18,30,0
1.3.1.88,48,80,16
1.3.1.89,24,40,0
1.3.1.9,18,30,0
1.3.1.90,57,95,19
1.3.1.91,36,60,0
1.3.1.92,108,180,36
1.3.1.93,42,70,0
1.3.1.94,24,40,0
1.3.1.95,87,145,29
1.3.1.96,135,225,45
1.3.1.98,18,30,0
1.3.1.n3,90,150,30
1.3.2.-,30,50,10
1.3.2.3,48,80,16
1.3.2.4,45,75,15
1.3.3.-,30,50,0
1.3.3.11,30,50,0
1.3.3.12,123,205,41
1.3.3.13,99,165,33
1.3.3.14,135,225,45
1.3.3.17,135,225,45
1.3.3.3,12,20,0
1.3.3.4,27,45,0
1.3.3.5,54,90,18
1.3.3.6,36,60,0
1.3.3.8,69,115,23
1.3.4.1,69,115,23
1.3.5.-,63,105,21
1.3.5.1,18,30,0
1.3.5.2,6,10,0
1.3.5.3,48,80,16
1.3.5.5,36,60,0
1.3.5.6,24,40,0
1.3.7.1,93,155,31
1.3.7.11,15,25,0
1.3.7.12,54,90,18
1.3.7.15,33,55,0
1.3.7.2,12,20,0
1.3.7.3,42,70,0
1.3.7.4,132,220,44
1.3.7.5,30,50,0
1.3.7.6,114,190,38
1.3.7.7,9,15,0
1.3.8.-,27,45,0
1.3.8.1,27,45,0
1.3.8.10,54,90,18
1.3.8.11,87,145,29
1.3.8.12,111,185,37
1.3.8.13,24,40,0
1.3.8.14,72,120,24
1.3.8.15,108,180,36
1.3.8.16,138,230,46
1.3.8.17,21,35,0
1.3.8.2,78,130,26
1.3.8.3,117,195,39
1.3.8.4,33,55,0
1.3.8.5,27,45,0
1.3.8.7,39,65,0
1.3.8.8,30,50,0
1.3.8.9,36,60,12
1.3.98.-,75,125,25
1.3.98.1,15,25,0
1.3.98.3,15,25,0
1.3.98.4,111,185,37
1.3.98.5,21,35,0
1.3.98.6,42,70,14
1.3.99.-,18,30,0
1.3.99.16,96,160,32
1.3.99.17,66,110,22
1.3.99.23,42,70,14
1.3.99.26,117,195,39
1.3.99.27,27,45,9
1.3.99.28,54,90,18
1.3.99.29,117,195,39
1.3.99.30,111,185,37
1.3.99.31,39,65,13
1.3.99.32,87,145,29
1.3.99.37,87,145,29
1.3.99.38,51,85,17
1.3.99.39,96,160,32
1.3.99.4,48,80,16
1.3.99.41,96,160,32
1.3.99.n1,54,90,18
1.4.-.-,117,195,39
1.4.1.-,30,50,0
1.4.1.1,21,35,0
1.4.1.11,69,115,23
1.4.1.12,108,180,36
1.4.1.13,27,45,0
1.4.1.14,0,0,0
1.4.1.16,48,80,16
1.4.1.17,54,90,18
1.4.1.18,111,185,37
1.4.1.19,69,115,23
1.4.1.2,24,40,0
1.4.1.20,36,60,0
1.4.1.21,30,50,0
1.4.1.23,48,80,16
1.4.1.24,21,35,0
1.4.1.25,105,175,35
1.4.1.26,141,235,47
1.4.1.28,102,170,34
1.4.1.3,27,45,0
1.4.1.4,12,20,0
1.4.1.9,30,50,10
1.4.2.-,117,195,39
1.4.2.2,108,180,36
1.4.2.3,99,165,33
1.4.3.-,33,55,0
1.4.3.1,33,55,0
1.4.3.10,84,140,28
1.4.3.11,57,95,19
1.4.3.13,18,30,0
1.4.3.14,87,145,29
1.4.3.16,21,35,0
1.4.3.2,6,10,0
1.4.3.20,111,185,37
1.4.3.21,15,25,0
1.4.3.22,51,85,17
1.4.3.23,69,115,23
1.4.3.25,45,75,15
1.4.3.26,48,80,16
1.4.3.3,24,40,0
1.4.3.4,12,20,0
1.4.3.5,9,15,0
1.4.4.2,12,20,0
1.4.5.-,81,135,27
1.4.5.1,48,80,16
1.4.7.1,120,200,40
1.4.9.-,57,95,19
1.4.9.1,33,55,0
1.4.9.2,78,130,26
1.4.99.-,21,35,0
1.4.99.6,144,240,48
1.5.-.-,6,10,0
1.5.1.-,27,45,0
1.5.1.1,42,70,14
1.5.1.10,36,60,12
1.5.1.11,39,65,13
1.5.1.15,30,50,0
1.5.1.16,42,70,14
1.5.1.19,66,110,22
1.5.1.2,21,35,0
1.5.1.20,60,100,20
1.5.1.21,63,105,21
1.5.1.23,102,170,34
1.5.1.24,69,115,23
1.5.1.25,21,35,7
1.5.1.27,108,180,36
1.5.1.28,69,115,23
1.5.1.3,21,35,0
1.5.1.30,33,55,11
1.5.1.32,108,180,36
1.5.1.33,51,85,17
1.5.1.34,30,50,10
1.5.1.36,45,75,0
1.5.1.37,21,35,7
1.5.1.38,24,40,0
1.5.1.39,27,45,9
1.5.1.40,36,60,12
1.5.1.41,60,100,20
1.5.1.42,21,35,0
1.5.1.43,42,70,14
1.5.1.44,66,110,22
1.5.1.45,126,210,42
1.5.1.47,111,185,37
1.5.1.51,123,205,41
1.5.1.52,126,210,42
1.5.1.53,48,80,16
1.5.1.54,21,35,0
1.5.1.55,111,185,37
1.5.1.56,129,215,43
1.5.1.57,54,90,18
1.5.1.6,36,60,12
1.5.1.7,36,60,0
1.5.1.9,57,95,19
1.5.3.1,42,70,0
1.5.3.10,90,150,30
1.5.3.13,60,100,20
1.5.3.15,123,205,41
1.5.3.16,42,70,14
1.5.3.17,60,100,20
1.5.3.18,96,160,32
1.5.3.19,108,180,36
1.5.3.21,144,240,48
1.5.3.24,27,45,0
1.5.3.5,66,110,22
1.5.3.6,96,160,32
1.5.3.7,42,70,14
1.5.4.1,102,170,34
1.5.5.-,78,130,26
1.5.5.1,39,65,0
1.5.5.2,27,45,0
1.5.5.3,36,60,12
1.5.7.3,123,205,41
1.5.8.-,93,155,31
1.5.8.1,90,150,30
1.5.8.2,123,205,41
1.5.8.3,63,105,21
1.5.8.4,57,95,19
1.5.98.1,27,45,0
1.5.98.2,39,65,0
1.5.98.3,33,55,0
1.5.99.-,45,75,15
1.5.99.12,39,65,0
1.5.99.13,114,190,38
1.5.99.14,51,85,17
1.5.99.15,69,115,23
1.5.99.4,48,80,16
1.6.-.-,21,35,0
1.6.1.1,21,35,0
1.6.2.-,15,25,0
1.6.2.2,12,20,0
1.6.2.4,9,15,0
1.6.2.6,72,120,24
1.6.3.1,45,75,0
1.6.3.2,117,195,39
1.6.3.4,33,55,0
1.6.3.5,30,50,10
1.6.5.-,18,30,0
1.6.5.10,15,25,0
1.6.5.12,66,110,22
1.6.5.2,12,20,0
1.6.5.4,21,35,0
1.6.5.5,27,45,0
1.6.5.6,114,190,38
1.6.5.7,108,180,36
1.6.5.9,12,20,0
1.7.-.-,24,40,0
1.7.1.1,27,45,0
1.7.1.13,3,5,0
1.7.1.15,27,45,9
1.7.1.16,78,130,26
1.7.1.17,12,20,0
1.7.1.2,36,60,12
1.7.1.3,42,70,0
1.7.1.4,36,60,12
1.7.1.6,126,210,42
1.7.1.7,9,15,0
1.7.1.9,84,140,28
1.7.2.-,30,50,0
1.7.2.1,21,35,0
1.7.2.2,18,30,0
1.7.2.4,42,70,0
1.7.2.5,81,135,27
1.7.2.6,84,140,28
1.7.2.7,66,110,22
1.7.2.8,111,185,37
1.7.2.9,57,95,19
1.7.3.1,48,80,16
1.7.3.3,36,60,0
1.7.5.1,15,25,0
1.7.6.1,78,130,26
1.7.7.1,30,50,0
1.7.7.2,111,185,37
1.7.99.1,6,10,0
1.8.-.-,15,25,0
1.8.1.-,18,30,0
1.8.1.12,24,40,8
1.8.1.14,12,20,0
1.8.1.15,51,85,17
1.8.1.16,126,210,42
1.8.1.19,66,110,22
1.8.1.2,18,30,0
1.8.1.20,120,200,40
1.8.1.22,51,85,17
1.8.1.4,15,25,0
1.8.1.7,15,25,0
1.8.1.8,21,35,0
1.8.1.9,12,20,0
1.8.2.2,51,85,17
1.8.2.3,78,130,26
1.8.2.4,123,205,41
1.8.3.-,60,100,20
1.8.3.1,33,55,11
1.8.3.2,15,25,0
1.8.3.4,33,55,0
1.8.3.5,51,85,17
1.8.3.6,105,175,35
1.8.3.7,33,55,11
1.8.4.-,21,35,0
1.8.4.10,18,30,0
1.8.4.11,12,20,0
1.8.4.12,24,40,0
1.8.4.13,111,185,37
1.8.4.14,24,40,0
1.8.4.2,36,60,12
1.8.4.8,30,50,0
1.8.4.9,57,95,19
1.8.5.-,27,45,0
1.8.5.1,36,60,0
1.8.5.2,66,110,22
1.8.5.3,48,80,16
1.8.5.4,57,95,19
1.8.5.5,138,230,46
1.8.5.6,120,200,40
1.8.5.7,63,105,21
1.8.5.8,72,120,24
1.8.7.1,30,50,0
1.8.7.2,39,65,0
1.8.7.3,33,55,0
1.8.98.-,24,40,0
1.8.98.1,27,45,0
1.8.98.2,33,55,11
1.8.98.3,93,155,31
1.8.98.4,51,85,17
1.8.98.5,33,55,0
1.8.98.6,51,85,17
1.8.98.7,54,90,18
1.8.99.2,117,195,39
1.9.3.-,54,90,18
1.9.6.1,18,30,0
1.97.1.1,87,145,29
1.97.1.12,12,20,0
1.97.1.13,126,210,42
1.97.1.2,60,100,20
1.97.1.4,6,10,0
2.-.-.-,27,45,0
2.1.-.-,21,35,0
2.1.1.-,3,5,0
2.1.1.1,51,85,17
2.1.1.10,48,80,0
2.1.1.100,24,40,0
2.1.1.102,138,230,46
2.1.1.103,21,35,0
2.1.1.104,9,15,0
2.1.1.106,132,220,44
2.1.1.107,3,5,0
2.1.1.11,72,120,24
2.1.1.110,81,135,27
2.1.1.111,99,165,33
2.1.1.112,51,85,17
2.1.1.114,24,40,0
2.1.1.116,63,105,21
2.1.1.117,45,75,15
2.1.1.122,51,85,17
2.1.1.127,69,115,23
2.1.1.128,42,70,14
2.1.1.13,114,190,38
2.1.1.130,45,75,15
2.1.1.131,42,70,14
2.1.1.132,51,85,17
2.1.1.133,36,60,12
2.1.1.136,120,200,40
2.1.1.137,21,35,0
2.1.1.140,63,105,21
2.1.1.141,51,85,17
2.1.1.143,36,60,12
2.1.1.144,21,35,0
2.1.1.145,66,110,22
2.1.1.146,60,100,20
2.1.1.148,24,40,0
2.1.1.15,96,160,32
2.1.1.150,33,55,11
2.1.1.151,60,100,20
2.1.1.152,102,170,34
2.1.1.154,87,145,29
2.1.1.155,60,100,20
2.1.1.156,45,75,15
2.1.1.157,63,105,21
2.1.1.158,57,95,19
2.1.1.159,33,55,0
2.1.1.160,24,40,0
2.1.1.161,111,185,37
2.1.1.164,105,175,35
2.1.1.166,15,25,0
2.1.1.167,96,160,32
2.1.1.168,120,200,40
2.1.1.169,120,200,40
2.1.1.17,9,15,0
2.1.1.170,15,25,0
2.1.1.173,21,35,0
2.1.1.174,18,30,0
2.1.1.175,48,80,16
2.1.1.177,3,5,0
2.1.1.178,18,30,0
2.1.1.180,51,85,17
2.1.1.181,24,40,0
2.1.1.182,18,30,0
2.1.1.183,18,30,0
2.1.1.186,12,20,0
2.1.1.187,126,210,42
2.1.1.188,102,170,34
2.1.1.189,12,20,0
2.1.1.190,3,5,0
2.1.1.191,15,25,0
2.1.1.192,9,15,0
2.1.1.193,15,25,0
2.1.1.195,6,10,0
2.1.1.196,15,25,0
2.1.1.197,18,30,0
2.1.1.198,18,30,0
2.1.1.199,21,35,0
2.1.1.2,33,55,0
2.1.1.20,45,75,15
2.1.1.200,45,75,0
2.1.1.202,99,165,33
2.1.1.203,42,70,14
2.1.1.204,33,55,11
2.1.1.206,15,25,0
2.1.1.208,96,160,32
2.1.1.209,102,170,34
2.1.1.210,30,50,10
2.1.1.211,18,30,0
2.1.1.212,51,85,17
2.1.1.213,54,90,18
2.1.1.214,24,40,0
2.1.1.215,111,185,37
2.1.1.216,24,40,0
2.1.1.217,120,200,40
2.1.1.218,54,90,18
2.1.1.22,21,35,0
2.1.1.220,30,50,0
2.1.1.221,21,35,0
2.1.1.222,6,10,0
2.1.1.223,12,20,0
2.1.1.224,21,35,0
2.1.1.225,30,50,0
2.1.1.226,57,95,19
2.1.1.227,63,105,21
2.1.1.228,21,35,0
2.1.1.229,30,50,0
2.1.1.230,51,85,17
2.1.1.231,108,180,36
2.1.1.232,36,60,12
2.1.1.233,18,30,0
2.1.1.234,126,210,42
2.1.1.235,87,145,29
2.1.1.237,111,185,37
2.1.1.238,105,175,35
2.1.1.239,120,200,40
2.1.1.240,105,175,35
2.1.1.241,78,130,26
2.1.1.242,12,20,0
2.1.1.244,33,55,0
2.1.1.246,60,100,20
2.1.1.247,33,55,11
2.1.1.248,39,65,0
2.1.1.249,6,10,0
2.1.1.250,36,60,0
2.1.1.251,105,175,35
2.1.1.254,132,220,44
2.1.1.255,75,125,25
2.1.1.258,108,180,36
2.1.1.259,81,135,27
2.1.1.260,144,240,48
2.1.1.261,36,60,0
2.1.1.262,69,115,23
2.1.1.263,111,185,37
2.1.1.264,18,30,0
2.1.1.265,117,195,39
2.1.1.267,48,80,16
2.1.1.268,114,190,38
2.1.1.269,90,150,30
2.1.1.27,63,105,21
2.1.1.270,81,135,27
2.1.1.271,57,95,19
2.1.1.272,78,130,26
2.1.1.273,24,40,8
2.1.1.274,48,80,16
2.1.1.275,135,225,45
2.1.1.276,129,215,43
2.1.1.277,54,90,18
2.1.1.278,75,125,25
2.1.1.279,126,210,42
2.1.1.28,18,30,6
2.1.1.280,87,145,29
2.1.1.281,96,160,32
2.1.1.282,24,40,0
2.1.1.283,138,230,46
2.1.1.285,90,150,30
2.1.1.287,72,120,24
2.1.1.288,120,200,40
2.1.1.289,57,95,19
2.1.1.290,27,45,0
2.1.1.291,120,200,40
2.1.1.292,66,110,22
2.1.1.293,48,80,16
2.1.1.294,63,105,21
2.1.1.295,42,70,14
2.1.1.296,48,80,16
2.1.1.297,18,30,0
2.1.1.298,12,20,0
2.1.1.299,63,105,21
2.1.1.300,120,200,40
2.1.1.301,108,180,36
2.1.1.302,135,225,45
2.1.1.304,108,180,36
2.1.1.306,102,170,34
2.1.1.307,108,180,36
2.1.1.308,132,220,44
2.1.1.309,87,145,29
2.1.1.310,147,245,49
2.1.1.311,123,205,41
2.1.1.312,111,185,37
2.1.1.313,123,205,41
2.1.1.314,27,45,0
2.1.1.316,126,210,42
2.1.1.317,48,80,16
2.1.1.319,18,30,0
2.1.1.320,36,60,0
2.1.1.321,39,65,0
2.1.1.323,66,110,22
2.1.1.324,87,145,29
2.1.1.325,57,95,19
2.1.1.327,144,240,48
2.1.1.328,99,165,33
2.1.1.329,39,65,0
2.1.1.330,84,140,28
2.1.1.331,96,160,32
2.1.1.332,138,230,46
2.1.1.333,123,205,41
2.1.1.334,21,35,7
2.1.1.336,63,105,21
2.1.1.337,165,275,55
2.1.1.338,51,85,17
2.1.1.339,114,190,38
2.1.1.34,27,45,9
2.1.1.341,114,190,38
2.1.1.342,90,150,30
2.1.1.343,93,155,31
2.1.1.344,84,140,28
2.1.1.345,48,80,16
2.1.1.346,33,55,0
2.1.1.347,99,165,33
2.1.1.348,27,45,0
2.1.1.35,9,15,0
2.1.1.351,108,180,36
2.1.1.352,123,205,41
2.1.1.354,36,60,0
2.1.1.355,15,25,0
2.1.1.356,24,40,0
2.1.1.357,30,50,10
2.1.1.359,15,25,0
2.1.1.360,21,35,0
2.1.1.361,21,35,0
2.1.1.362,27,45,0
2.1.1.364,36,60,0
2.1.1.365,102,170,34
2.1.1.366,15,25,0
2.1.1.367,24,40,0
2.1.1.368,60,100,20
2.1.1.369,63,105,21
2.1.1.37,9,15,0
2.1.1.370,0,0,0
2.1.1.372,15,25,0
2.1.1.374,39,65,13
2.1.1.375,120,200,40
2.1.1.376,102,170,34
2.1.1.378,105,175,35
2.1.1.379,72,120,24
2.1.1.38,102,170,34
2.1.1.381,117,195,39
2.1.1.383,108,180,36
2.1.1.387,108,180,36
2.1.1.392,144,240,48
2.1.1.393,123,205,41
2.1.1.396,54,90,18
2.1.1.397,129,215,43
2.1.1.4,30,50,0
2.1.1.41,21,35,0
2.1.1.42,39,65,13
2.1.1.44,48,80,16
2.1.1.45,9,15,0
2.1.1.46,48,80,16
2.1.1.47,126,210,42
2.1.1.5,27,45,0
2.1.1.50,144,240,48
2.1.1.53,63,105,21
2.1.1.57,30,50,0
2.1.1.59,36,60,12
2.1.1.6,30,50,0
2.1.1.60,24,40,8
2.1.1.61,21,35,0
2.1.1.62,24,40,8
2.1.1.63,21,35,0
2.1.1.64,12,20,0
2.1.1.65,114,190,38
2.1.1.68,9,15,0
2.1.1.7,57,95,19
2.1.1.70,87,145,29
2.1.1.71,15,25,0
2.1.1.74,12,20,0
2.1.1.75,129,215,43
2.1.1.76,90,150,30
2.1.1.77,24,40,0
2.1.1.8,27,45,0
2.1.1.80,36,60,0
2.1.1.85,27,45,0
2.1.1.89,60,100,20
2.1.1.9,30,50,10
2.1.1.90,102,170,34
2.1.1.94,114,190,38
2.1.1.95,75,125,25
2.1.1.96,30,50,10
2.1.1.98,6,10,0
2.1.1.99,75,125,25
2.1.1.n11,39,65,13
2.1.1.n4,42,70,14
2.1.2.-,30,50,0
2.1.2.10,21,35,0
2.1.2.11,12,20,0
2.1.2.13,12,20,0
2.1.2.14,54,90,18
2.1.2.2,27,45,0
2.1.2.3,12,20,0
2.1.2.5,24,40,0
2.1.2.7,36,60,12
2.1.2.8,72,120,24
2.1.2.9,12,20,0
2.1.3.-,15,25,0
2.1.3.1,48,80,16
2.1.3.10,69,115,23
2.1.3.11,36,60,12
2.1.3.12,108,180,36
2.1.3.15,9,15,0
2.1.3.16,75,125,25
2.1.3.2,12,20,0
2.1.3.3,12,20,0
2.1.3.5,36,60,12
2.1.3.6,36,60,0
2.1.3.9,45,75,15
2.1.4.1,15,25,0
2.1.4.2,39,65,13
2.1.4.3,90,150,30
2.1.5.1,117,195,39
2.2.1.-,36,60,12
2.2.1.1,12,20,0
2.2.1.10,18,30,0
2.2.1.11,126,210,42
2.2.1.12,63,105,21
2.2.1.13,45,75,15
2.2.1.14,81,135,27
2.2.1.15,66,110,22
2.2.1.2,9,15,0
2.2.1.3,69,115,23
2.2.1.5,0,0,0
2.2.1.6,15,25,0
2.2.1.7,18,30,0
2.2.1.8,117,195,39
2.2.1.9,9,15,0
2.3.-.-,18,30,0
2.3.1.-,9,15,0
2.3.1.1,24,40,0
2.3.1.101,39,65,0
2.3.1.102,117,195,39
2.3.1.103,42,70,14
2.3.1.107,108,180,36
2.3.1.108,24,40,0
2.3.1.109,9,15,0
2.3.1.110,105,175,35
2.3.1.111,0,0,0
2.3.1.116,45,75,15
2.3.1.117,9,15,0
2.3.1.118,24,40,0
2.3.1.12,27,45,0
2.3.1.121,48,80,16
2.3.1.122,24,40,0
2.3.1.129,33,55,0
2.3.1.13,27,45,0
2.3.1.133,42,70,14
2.3.1.135,54,90,18
2.3.1.136,114,190,38
2.3.1.137,42,70,0
2.3.1.140,51,85,17
2.3.1.144,51,85,17
2.3.1.145,81,135,27
2.3.1.146,60,100,20
2.3.1.149,57,95,19
2.3.1.15,15,25,0
2.3.1.150,93,155,31
2.3.1.151,87,145,29
2.3.1.153,138,230,46
2.3.1.155,18,30,0
2.3.1.156,60,100,20
2.3.1.158,66,110,22
2.3.1.159,66,110,22
2.3.1.160,123,205,41
2.3.1.161,72,120,24
2.3.1.162,48,80,16
2.3.1.164,81,135,27
2.3.1.165,0,0,0
2.3.1.167,105,175,35
2.3.1.168,48,80,0
2.3.1.169,18,30,0
2.3.1.17,54,90,18
2.3.1.170,84,140,28
2.3.1.171,123,205,41
2.3.1.174,27,45,9
2.3.1.175,132,220,44
2.3.1.176,33,55,11
2.3.1.177,120,200,40
2.3.1.179,18,30,0
2.3.1.18,63,105,21
2.3.1.180,15,25,0
2.3.1.181,9,15,0
2.3.1.184,12,20,0
2.3.1.187,105,175,35
2.3.1.188,132,220,44
2.3.1.19,72,120,24
2.3.1.191,15,25,0
2.3.1.193,21,35,0
2.3.1.196,48,80,16
2.3.1.199,24,40,0
2.3.1.20,21,35,0
2.3.1.200,36,60,12
2.3.1.201,132,220,44
2.3.1.202,96,160,32
2.3.1.203,81,135,27
2.3.1.204,18,30,0
2.3.1.205,54,90,18
2.3.1.206,111,185,37
2.3.1.208,66,110,22
2.3.1.21,24,40,0
2.3.1.210,51,85,17
2.3.1.211,132,220,44
2.3.1.212,66,110,22
2.3.1.214,99,165,33
2.3.1.216,102,170,34
2.3.1.217,63,105,21
2.3.1.218,120,200,40
2.3.1.219,111,185,37
2.3.1.22,15,25,0
2.3.1.220,51,85,17
2.3.1.221,0,0,0
2.3.1.222,33,55,0
2.3.1.223,126,210,42
2.3.1.224,51,85,17
2.3.1.225,15,25,0
2.3.1.226,108,180,36
2.3.1.227,102,170,34
2.3.1.228,117,195,39
2.3.1.229,138,230,46
2.3.1.23,18,30,0
2.3.1.230,129,215,43
2.3.1.232,90,150,30
2.3.1.233,66,110,22
2.3.1.234,9,15,0
2.3.1.235,39,65,13
2.3.1.236,0,0,0
2.3.1.237,0,0,0
2.3.1.238,69,115,23
2.3.1.239,0,0,0
2.3.1.24,24,40,0
2.3.1.240,0,0,0
2.3.1.241,60,100,20
2.3.1.242,78,130,26
2.3.1.243,33,55,11
2.3.1.244,0,0,0
2.3.1.245,15,25,0
2.3.1.246,78,130,26
2.3.1.247,63,105,21
2.3.1.248,99,165,33
2.3.1.249,144,240,48
2.3.1.250,36,60,12
2.3.1.251,24,40,0
2.3.1.252,0,0,0
2.3.1.253,51,85,17
2.3.1.254,33,55,0
2.3.1.255,48,80,0
2.3.1.256,24,40,8
2.3.1.257,51,85,17
2.3.1.258,33,55,0
2.3.1.259,30,50,10
2.3.1.26,33,55,0
2.3.1.262,108,180,36
2.3.1.263,51,85,17
2.3.1.264,54,90,18
2.3.1.265,72,120,24
2.3.1.266,36,60,0
2.3.1.267,57,95,19
2.3.1.268,21,35,0
2.3.1.269,15,25,0
2.3.1.270,75,125,25
2.3.1.271,69,115,23
2.3.1.274,9,15,0
2.3.1.275,27,45,0
2.3.1.276,90,150,30
2.3.1.277,60,100,20
2.3.1.278,81,135,27
2.3.1.279,108,180,36
2.3.1.28,48,80,0
2.3.1.280,48,80,16
2.3.1.282,42,70,0
2.3.1.283,42,70,14
2.3.1.284,153,255,51
2.3.1.285,81,135,27
2.3.1.287,0,0,0
2.3.1.288,30,50,10
2.3.1.29,18,30,0
2.3.1.290,0,0,0
2.3.1.291,36,60,12
2.3.1.292,0,0,0
2.3.1.293,39,65,13
2.3.1.294,45,75,15
2.3.1.295,0,0,0
2.3.1.299,69,115,23
2.3.1.30,24,40,0
2.3.1.302,84,140,28
2.3.1.306,120,200,40
2.3.1.308,57,95,19
2.3.1.310,51,85,17
2.3.1.311,18,30,0
2.3.1.312,78,130,26
2.3.1.315,138,230,46
2.3.1.316,105,175,35
2.3.1.317,63,105,21
2.3.1.318,87,145,29
2.3.1.319,114,190,38
2.3.1.320,114,190,38
2.3.1.321,132,220,44
2.3.1.322,87,145,29
2.3.1.323,117,195,39
2.3.1.325,129,215,43
2.3.1.326,93,155,31
2.3.1.33,51,85,17
2.3.1.35,33,55,0
2.3.1.36,102,170,34
2.3.1.37,27,45,0
2.3.1.38,0,0,0
2.3.1.39,21,35,0
2.3.1.4,15,25,0
2.3.1.41,24,40,0
2.3.1.42,39,65,13
2.3.1.43,24,40,0
2.3.1.45,90,150,30
2.3.1.46,15,25,0
2.3.1.47,21,35,0
2.3.1.48,33,55,0
2.3.1.5,33,55,0
2.3.1.50,15,25,0
2.3.1.51,21,35,0
2.3.1.53,123,205,41
2.3.1.54,21,35,0
2.3.1.57,21,35,0
2.3.1.59,87,145,29
2.3.1.6,36,60,0
2.3.1.61,45,75,0
2.3.1.62,78,130,26
2.3.1.64,51,85,17
2.3.1.65,63,105,21
2.3.1.67,27,45,0
2.3.1.68,63,105,21
2.3.1.7,24,40,0
2.3.1.71,27,45,9
2.3.1.74,9,15,0
2.3.1.76,21,35,0
2.3.1.79,72,120,24
2.3.1.8,24,40,0
2.3.1.80,69,115,23
2.3.1.81,24,40,0
2.3.1.82,27,45,0
2.3.1.84,45,75,15
2.3.1.85,51,85,17
2.3.1.86,111,185,37
2.3.1.87,36,60,0
2.3.1.89,18,30,0
2.3.1.9,27,45,0
2.3.1.91,90,150,30
2.3.1.92,123,205,41
2.3.1.94,0,0,0
2.3.1.95,18,30,0
2.3.1.97,21,35,0
2.3.1.n4,39,65,13
2.3.1.n5,15,25,0
2.3.1.n6,39,65,0
2.3.1.n7,39,65,0
2.3.2.-,6,10,0
2.3.2.10,120,200,40
2.3.2.13,21,35,0
2.3.2.15,36,60,0
2.3.2.16,33,55,0
2.3.2.17,39,65,0
2.3.2.18,27,45,0
2.3.2.19,129,215,43
2.3.2.2,27,45,0
2.3.2.20,93,155,31
2.3.2.21,66,110,22
2.3.2.22,27,45,9
2.3.2.24,21,35,0
2.3.2.25,30,50,0
2.3.2.26,15,25,0
2.3.2.27,9,15,0
2.3.2.28,102,170,34
2.3.2.29,15,25,0
2.3.2.3,24,40,0
2.3.2.30,57,95,19
2.3.2.31,9,15,0
2.3.2.32,24,40,8
2.3.2.33,0,0,0
2.3.2.34,18,30,0
2.3.2.35,51,85,17
2.3.2.36,18,30,0
2.3.2.5,15,25,0
2.3.2.6,21,35,0
2.3.2.8,39,65,0
2.3.3.-,21,35,0
2.3.3.1,18,30,0
2.3.3.10,6,10,0
2.3.3.13,12,20,0
2.3.3.14,18,30,0
2.3.3.15,21,35,7
2.3.3.16,21,35,0
2.3.3.17,54,90,18
2.3.3.18,105,175,35
2.3.3.19,147,245,49
2.3.3.20,51,85,17
2.3.3.21,21,35,0
2.3.3.3,54,90,18
2.3.3.8,27,45,0
2.3.3.9,27,45,0
2.4.1.-,15,25,0
2.4.1.1,18,30,0
2.4.1.10,42,70,0
2.4.1.100,144,240,48
2.4.1.101,42,70,14
2.4.1.102,48,80,0
2.4.1.109,12,20,0
2.4.1.11,33,55,0
2.4.1.110,42,70,0
2.4.1.111,93,155,31
2.4.1.115,18,30,0
2.4.1.116,120,200,40
2.4.1.117,18,30,0
2.4.1.12,42,70,0
2.4.1.120,54,90,18
2.4.1.121,54,90,18
2.4.1.122,45,75,0
2.4.1.126,69,115,23
2.4.1.128,114,190,38
2.4.1.13,21,35,0
2.4.1.131,39,65,0
2.4.1.132,18,30,0
2.4.1.133,45,75,15
2.4.1.134,45,75,15
2.4.1.136,39,65,13
2.4.1.14,54,90,18
2.4.1.141,51,85,0
2.4.1.142,27,45,0
2.4.1.143,27,45,9
2.4.1.144,66,110,22
2.4.1.145,33,55,0
2.4.1.146,60,100,20
2.4.1.147,102,170,34
2.4.1.148,27,45,0
2.4.1.149,30,50,10
2.4.1.15,18,30,0
2.4.1.150,24,40,0
2.4.1.153,81,135,27
2.4.1.155,36,60,12
2.4.1.159,99,165,33
2.4.1.16,18,30,0
2.4.1.161,90,150,30
2.4.1.17,15,25,0
2.4.1.170,54,90,18
2.4.1.174,54,90,18
2.4.1.175,15,25,0
2.4.1.177,24,40,8
2.4.1.18,12,20,0
2.4.1.182,9,15,0
2.4.1.183,0,0,0
2.4.1.185,96,160,32
2.4.1.186,24,40,0
2.4.1.187,18,30,0
2.4.1.19,27,45,0
2.4.1.194,75,125,25
2.4.1.195,93,155,31
2.4.1.198,12,20,0
2.4.1.20,144,240,48
2.4.1.201,111,185,37
2.4.1.202,78,130,26
2.4.1.203,120,200,40
2.4.1.206,42,70,0
2.4.1.207,12,20,0
2.4.1.208,84,140,28
2.4.1.21,12,20,0
2.4.1.210,102,170,34
2.4.1.212,24,40,0
2.4.1.213,66,110,22
2.4.1.214,45,75,15
2.4.1.215,72,120,24
2.4.1.216,114,190,38
2.4.1.217,60,100,20
2.4.1.218,66,110,22
2.4.1.219,129,215,43
2.4.1.22,36,60,12
2.4.1.221,12,20,0
2.4.1.223,51,85,17
2.4.1.224,42,70,0
2.4.1.225,27,45,0
2.4.1.226,54,90,0
2.4.1.227,12,20,0
2.4.1.228,39,65,13
2.4.1.229,138,230,46
2.4.1.230,51,85,17
2.4.1.231,48,80,16
2.4.1.232,51,85,17
2.4.1.236,117,195,39
2.4.1.237,33,55,11
2.4.1.238,144,240,48
2.4.1.239,42,70,14
2.4.1.24,0,0,0
2.4.1.241,39,65,13
2.4.1.242,27,45,0
2.4.1.243,84,140,28
2.4.1.244,75,125,25
2.4.1.245,69,115,23
2.4.1.246,72,120,24
2.4.1.247,114,190,38
2.4.1.248,75,125,25
2.4.1.25,33,55,0
2.4.1.250,24,40,0
2.4.1.251,63,105,21
2.4.1.252,57,95,19
2.4.1.253,84,140,28
2.4.1.255,27,45,0
2.4.1.256,24,40,0
2.4.1.257,24,40,0
2.4.1.258,15,25,0
2.4.1.259,57,95,19
2.4.1.260,39,65,13
2.4.1.261,57,95,19
2.4.1.263,63,105,21
2.4.1.264,63,105,21
2.4.1.265,21,35,0
2.4.1.266,24,40,0
2.4.1.267,36,60,0
2.4.1.269,69,115,23
2.4.1.27,81,135,27
2.4.1.270,150,250,50
2.4.1.271,39,65,13
2.4.1.272,96,160,32
2.4.1.273,105,175,35
2.4.1.274,30,50,10
2.4.1.275,21,35,0
2.4.1.277,105,175,35
2.4.1.278,102,170,34
2.4.1.279,108,180,36
2.4.1.280,87,145,29
2.4.1.281,60,100,20
2.4.1.282,72,120,24
2.4.1.283,51,85,17
2.4.1.284,114,190,38
2.4.1.285,129,215,43
2.4.1.286,96,160,32
2.4.1.288,87,145,29
2.4.1.289,87,145,29
2.4.1.290,108,180,36
2.4.1.291,102,170,34
2.4.1.292,105,175,35
2.4.1.293,102,170,34
2.4.1.294,66,110,22
2.4.1.297,63,105,21
2.4.1.298,39,65,13
2.4.1.299,105,175,35
2.4.1.300,114,190,38
2.4.1.301,111,185,37
2.4.1.302,99,165,33
2.4.1.303,108,180,36
2.4.1.304,99,165,33
2.4.1.306,66,110,22
2.4.1.309,96,160,32
2.4.1.311,93,155,31
2.4.1.312,39,65,0
2.4.1.313,60,100,20
2.4.1.316,90,150,30
2.4.1.317,108,180,36
2.4.1.318,105,175,35
2.4.1.319,132,220,44
2.4.1.32,30,50,0
2.4.1.320,138,230,46
2.4.1.322,99,165,33
2.4.1.323,69,115,23
2.4.1.324,66,110,22
2.4.1.325,21,35,0
2.4.1.326,102,170,34
2.4.1.329,33,55,11
2.4.1.33,69,115,23
2.4.1.330,96,160,32
2.4.1.331,117,195,39
2.4.1.332,123,205,41
2.4.1.333,0,0,0
2.4.1.335,96,160,32
2.4.1.336,60,100,20
2.4.1.337,78,130,26
2.4.1.338,60,100,20
2.4.1.339,60,100,20
2.4.1.34,0,0,0
2.4.1.340,111,185,37
2.4.1.341,114,190,38
2.4.1.342,45,75,15
2.4.1.343,117,195,39
2.4.1.344,12,20,0
2.4.1.345,24,40,8
2.4.1.346,48,80,16
2.4.1.347,24,40,0
2.4.1.348,42,70,14
2.4.1.349,84,140,28
2.4.1.350,42,70,14
2.4.1.351,57,95,19
2.4.1.352,51,85,17
2.4.1.353,114,190,38
2.4.1.354,141,235,47
2.4.1.355,60,100,20
2.4.1.356,87,145,29
2.4.1.357,72,120,24
2.4.1.358,99,165,33
2.4.1.359,117,195,39
2.4.1.360,24,40,8
2.4.1.361,75,125,25
2.4.1.363,57,95,19
2.4.1.364,141,235,47
2.4.1.365,114,190,38
2.4.1.366,63,105,21
2.4.1.367,120,200,40
2.4.1.368,36,60,12
2.4.1.369,135,225,45
2.4.1.37,51,85,17
2.4.1.370,75,125,25
2.4.1.371,99,165,33
2.4.1.376,36,60,12
2.4.1.377,60,100,20
2.4.1.378,96,160,32
2.4.1.384,51,85,17
2.4.1.387,0,0,0
2.4.1.389,99,165,33
2.4.1.391,99,165,33
2.4.1.392,114,190,38
2.4.1.393,81,135,27
2.4.1.4,69,115,23
2.4.1.40,51,85,17
2.4.1.41,21,35,0
2.4.1.43,42,70,14
2.4.1.44,132,220,44
2.4.1.46,42,70,0
2.4.1.47,66,110,22
2.4.1.5,60,100,20
2.4.1.50,21,35,0
2.4.1.54,102,170,34
2.4.1.56,150,250,50
2.4.1.58,51,85,17
2.4.1.60,111,185,37
2.4.1.62,27,45,9
2.4.1.63,66,110,22
2.4.1.64,69,115,23
2.4.1.65,24,40,0
2.4.1.66,39,65,13
2.4.1.67,120,200,40
2.4.1.68,39,65,0
2.4.1.69,24,40,0
2.4.1.7,57,95,19
2.4.1.70,99,165,33
2.4.1.73,126,210,42
2.4.1.8,60,100,20
2.4.1.80,27,45,0
2.4.1.81,87,145,29
2.4.1.82,48,80,16
2.4.1.83,39,65,0
2.4.1.85,105,175,35
2.4.1.86,27,45,0
2.4.1.87,42,70,0
2.4.1.88,45,75,15
2.4.1.9,57,95,19
2.4.1.90,45,75,0
2.4.1.91,33,55,0
2.4.1.92,72,120,24
2.4.1.99,117,195,39
2.4.2.-,9,15,0
2.4.2.1,3,5,0
2.4.2.12,45,75,0
2.4.2.14,24,40,0
2.4.2.17,0,0,0
2.4.2.18,6,10,0
2.4.2.19,33,55,0
2.4.2.2,12,20,0
2.4.2.21,9,15,0
2.4.2.22,12,20,0
2.4.2.24,75,125,25
2.4.2.26,33,55,0
2.4.2.27,165,275,55
2.4.2.28,12,20,0
2.4.2.29,9,15,0
2.4.2.3,18,30,0
2.4.2.31,18,30,0
2.4.2.37,117,195,39
2.4.2.38,120,200,40
2.4.2.39,45,75,15
2.4.2.4,18,30,0
2.4.2.40,105,175,35
2.4.2.42,24,40,0
2.4.2.43,21,35,0
2.4.2.44,30,50,0
2.4.2.45,75,125,25
2.4.2.46,39,65,13
2.4.2.47,45,75,15
2.4.2.48,21,35,0
2.4.2.49,129,215,43
2.4.2.51,111,185,37
2.4.2.52,6,10,0
2.4.2.53,33,55,0
2.4.2.54,63,105,21
2.4.2.57,18,30,0
2.4.2.58,39,65,13
2.4.2.59,12,20,0
2.4.2.6,51,85,17
2.4.2.60,24,40,0
2.4.2.61,63,105,21
2.4.2.63,39,65,13
2.4.2.64,39,65,0
2.4.2.7,3,5,0
2.4.2.8,12,20,0
2.4.2.9,21,35,0
2.4.3.-,15,25,0
2.4.3.1,24,40,0
2.4.3.2,15,25,0
2.4.3.3,33,55,11
2.4.3.4,36,60,0
2.4.3.6,21,35,0
2.4.3.7,39,65,13
2.4.3.9,48,80,16
2.4.99.-,27,45,0
2.4.99.12,27,45,0
2.4.99.13,42,70,0
2.4.99.14,36,60,12
2.4.99.15,60,100,20
2.4.99.16,30,50,0
2.4.99.17,15,25,0
2.4.99.18,27,45,0
2.4.99.19,63,105,21
2.4.99.20,42,70,14
2.4.99.23,39,65,13
2.4.99.24,51,85,17
2.4.99.25,63,105,21
2.4.99.26,39,65,13
2.4.99.27,42,70,14
2.4.99.28,21,35,0
2.5.-.-,39,65,0
2.5.1.-,18,30,0
2.5.1.1,15,25,0
2.5.1.10,12,20,0
2.5.1.100,96,160,32
2.5.1.102,141,235,47
2.5.1.103,60,100,20
2.5.1.104,69,115,23
2.5.1.105,123,205,41
2.5.1.106,51,85,17
2.5.1.107,111,185,37
2.5.1.108,39,65,0
2.5.1.109,84,140,28
2.5.1.110,66,110,22
2.5.1.112,30,50,0
2.5.1.113,63,105,21
2.5.1.114,15,25,0
2.5.1.115,54,90,18
2.5.1.116,45,75,15
2.5.1.117,69,115,23
2.5.1.122,54,90,18
2.5.1.123,141,235,47
2.5.1.124,129,215,43
2.5.1.125,132,220,44
2.5.1.126,24,40,8
2.5.1.127,114,190,38
2.5.1.128,39,65,13
2.5.1.129,33,55,0
2.5.1.130,84,140,28
2.5.1.131,66,110,22
2.5.1.132,66,110,22
2.5.1.134,120,200,40
2.5.1.135,99,165,33
2.5.1.136,93,155,31
2.5.1.137,147,245,49
2.5.1.138,102,170,34
2.5.1.139,120,200,40
2.5.1.140,36,60,0
2.5.1.141,6,10,0
2.5.1.142,126,210,42
2.5.1.144,141,235,47
2.5.1.145,18,30,0
2.5.1.147,9,15,0
2.5.1.148,102,170,34
2.5.1.149,69,115,23
2.5.1.15,18,30,0
2.5.1.150,36,60,12
2.5.1.151,30,50,10
2.5.1.153,72,120,24
2.5.1.154,57,95,19
2.5.1.157,33,55,0
2.5.1.158,60,100,20
2.5.1.159,114,190,38
2.5.1.16,15,25,0
2.5.1.160,36,60,12
2.5.1.17,27,45,0
2.5.1.18,18,30,0
2.5.1.19,9,15,0
2.5.1.2,93,155,31
2.5.1.20,93,155,31
2.5.1.21,33,55,0
2.5.1.23,45,75,15
2.5.1.25,33,55,0
2.5.1.26,24,40,0
2.5.1.27,27,45,0
2.5.1.28,108,180,36
2.5.1.29,6,10,0
2.5.1.3,12,20,0
2.5.1.30,54,90,18
2.5.1.31,24,40,0
2.5.1.32,18,30,0
2.5.1.34,33,55,0
2.5.1.35,108,180,36
2.5.1.36,102,170,34
2.5.1.38,120,200,40
2.5.1.39,15,25,0
2.5.1.41,15,25,0
2.5.1.42,21,35,0
2.5.1.43,24,40,0
2.5.1.44,51,85,17
2.5.1.45,48,80,16
2.5.1.46,18,30,0
2.5.1.47,9,15,0
2.5.1.48,27,45,0
2.5.1.49,30,50,10
2.5.1.51,147,245,49
2.5.1.52,117,195,39
2.5.1.54,36,60,0
2.5.1.56,102,170,34
2.5.1.57,63,105,21
2.5.1.58,33,55,0
2.5.1.59,15,25,0
2.5.1.60,27,45,0
2.5.1.61,9,15,0
2.5.1.62,51,85,17
2.5.1.63,33,55,11
2.5.1.65,93,155,31
2.5.1.66,105,175,35
2.5.1.67,66,110,22
2.5.1.68,45,75,15
2.5.1.69,93,155,31
2.5.1.7,15,25,0
2.5.1.70,78,130,26
2.5.1.73,27,45,0
2.5.1.74,45,75,15
2.5.1.75,6,10,0
2.5.1.76,36,60,0
2.5.1.78,6,10,0
2.5.1.79,69,115,23
2.5.1.80,81,135,27
2.5.1.81,12,20,0
2.5.1.82,123,205,41
2.5.1.83,57,95,19
2.5.1.84,57,95,19
2.5.1.85,45,75,15
2.5.1.86,42,70,14
2.5.1.87,21,35,0
2.5.1.88,114,190,38
2.5.1.89,21,35,0
2.5.1.9,21,35,0
2.5.1.90,42,70,14
2.5.1.91,36,60,0
2.5.1.92,75,125,25
2.5.1.94,57,95,19
2.5.1.96,24,40,0
2.5.1.97,63,105,21
2.5.1.98,135,225,45
2.6.-.-,39,65,0
2.6.1.-,6,10,0
2.6.1.1,27,45,0
2.6.1.100,24,40,0
2.6.1.101,36,60,0
2.6.1.102,57,95,19
2.6.1.103,78,130,26
2.6.1.105,138,230,46
2.6.1.106,96,160,32
2.6.1.107,114,190,38
2.6.1.108,102,170,34
2.6.1.109,108,180,36
2.6.1.11,15,25,0
2.6.1.110,117,195,39
2.6.1.111,108,180,36
2.6.1.112,111,185,37
2.6.1.113,156,260,52
2.6.1.114,96,160,32
2.6.1.117,114,190,38
2.6.1.118,39,65,0
2.6.1.119,48,80,16
2.6.1.121,78,130,26
2.6.1.122,144,240,48
2.6.1.124,48,80,0
2.6.1.125,126,210,42
2.6.1.126,54,90,18
2.6.1.13,15,25,0
2.6.1.16,9,15,0
2.6.1.17,54,90,0
2.6.1.18,36,60,0
2.6.1.19,18,30,0
2.6.1.2,21,35,0
2.6.1.21,51,85,0
2.6.1.22,39,65,0
2.6.1.27,21,35,7
2.6.1.29,24,40,0
2.6.1.3,42,70,0
2.6.1.30,105,175,35
2.6.1.33,84,140,28
2.6.1.34,96,160,32
2.6.1.35,81,135,27
2.6.1.36,45,75,15
2.6.1.37,24,40,0
2.6.1.38,126,210,42
2.6.1.39,27,45,0
2.6.1.4,45,75,15
2.6.1.40,27,45,9
2.6.1.42,27,45,0
2.6.1.44,18,30,0
2.6.1.45,48,80,16
2.6.1.48,45,75,15
2.6.1.5,42,70,0
2.6.1.50,102,170,34
2.6.1.51,33,55,0
2.6.1.52,21,35,0
2.6.1.57,18,30,0
2.6.1.62,12,20,0
2.6.1.63,24,40,0
2.6.1.66,84,140,28
2.6.1.7,24,40,0
2.6.1.73,51,85,17
2.6.1.76,15,25,0
2.6.1.77,36,60,12
2.6.1.78,39,65,13
2.6.1.79,33,55,0
2.6.1.81,12,20,0
2.6.1.82,18,30,0
2.6.1.83,21,35,0
2.6.1.84,105,175,35
2.6.1.85,21,35,0
2.6.1.86,81,135,27
2.6.1.87,39,65,0
2.6.1.88,48,80,16
2.6.1.9,12,20,0
2.6.1.92,27,45,9
2.6.1.93,54,90,18
2.6.1.94,111,185,37
2.6.1.97,81,135,27
2.6.1.98,111,185,37
2.6.1.99,54,90,18
2.6.99.-,45,75,0
2.6.99.2,18,30,0
2.6.99.3,114,190,38
2.7.-.-,12,20,0
2.7.1.-,18,30,0
2.7.1.1,21,35,0
2.7.1.100,9,15,0
2.7.1.101,117,195,39
2.7.1.103,96,160,32
2.7.1.105,30,50,0
2.7.1.106,63,105,21
2.7.1.107,15,25,0
2.7.1.108,30,50,10
2.7.1.11,9,15,0
2.7.1.113,18,30,0
2.7.1.119,84,140,28
2.7.1.12,36,60,0
2.7.1.121,18,30,0
2.7.1.127,51,85,0
2.7.1.130,24,40,0
2.7.1.134,42,70,0
2.7.1.137,18,30,0
2.7.1.138,30,50,0
2.7.1.14,78,130,26
2.7.1.140,33,55,11
2.7.1.144,6,10,0
2.7.1.145,108,180,36
2.7.1.146,33,55,0
2.7.1.147,30,50,0
2.7.1.148,12,20,0
2.7.1.149,24,40,0
2.7.1.15,39,65,0
2.7.1.151,54,90,0
2.7.1.153,69,115,23
2.7.1.156,24,40,8
2.7.1.157,48,80,16
2.7.1.158,9,15,0
2.7.1.159,18,30,0
2.7.1.160,51,85,17
2.7.1.161,24,40,0
2.7.1.162,108,180,36
2.7.1.163,108,180,36
2.7.1.164,45,75,15
2.7.1.165,48,80,16
2.7.1.166,27,45,0
2.7.1.167,30,50,0
2.7.1.168,57,95,19
2.7.1.169,93,155,31
2.7.1.17,30,50,0
2.7.1.170,15,25,0
2.7.1.171,48,80,16
2.7.1.172,30,50,10
2.7.1.173,48,80,0
2.7.1.174,60,100,20
2.7.1.175,18,30,0
2.7.1.176,48,80,16
2.7.1.177,99,165,33
2.7.1.178,75,125,25
2.7.1.179,99,165,33
2.7.1.180,18,30,0
2.7.1.181,102,170,34
2.7.1.182,21,35,0
2.7.1.183,39,65,13
2.7.1.184,48,80,16
2.7.1.186,135,225,45
2.7.1.187,126,210,42
2.7.1.188,105,175,35
2.7.1.19,42,70,0
2.7.1.190,24,40,0
2.7.1.191,42,70,0
2.7.1.192,42,70,0
2.7.1.193,51,85,17
2.7.1.194,15,25,0
2.7.1.195,84,140,28
2.7.1.196,54,90,18
2.7.1.197,39,65,0
2.7.1.198,63,105,21
2.7.1.199,27,45,0
2.7.1.2,15,25,0
2.7.1.20,21,35,0
2.7.1.200,51,85,17
2.7.1.201,63,105,21
2.7.1.202,12,20,0
2.7.1.204,105,175,35
2.7.1.205,39,65,13
2.7.1.206,96,160,32
2.7.1.207,21,35,0
2.7.1.208,60,100,20
2.7.1.209,75,125,25
2.7.1.21,15,25,0
2.7.1.210,102,170,34
2.7.1.211,33,55,0
2.7.1.212,132,220,44
2.7.1.213,75,125,25
2.7.1.214,87,145,29
2.7.1.215,117,195,39
2.7.1.216,129,215,43
2.7.1.217,21,35,0
2.7.1.218,57,95,19
2.7.1.219,54,90,18
2.7.1.22,36,60,0
2.7.1.220,129,215,43
2.7.1.221,45,75,15
2.7.1.223,96,160,32
2.7.1.224,120,200,40
2.7.1.225,96,160,32
2.7.1.228,102,170,34
2.7.1.229,51,85,17
2.7.1.230,105,175,35
2.7.1.231,81,135,27
2.7.1.232,114,190,38
2.7.1.235,30,50,10
2.7.1.237,15,25,0
2.7.1.239,132,220,44
2.7.1.24,18,30,0
2.7.1.25,15,25,0
2.7.1.26,21,35,0
2.7.1.28,30,50,0
2.7.1.29,30,50,0
2.7.1.3,42,70,14
2.7.1.30,15,25,0
2.7.1.31,33,55,0
2.7.1.32,30,50,0
2.7.1.35,12,20,0
2.7.1.36,18,30,0
2.7.1.39,3,5,0
2.7.1.4,39,65,0
2.7.1.40,9,15,0
2.7.1.43,75,125,25
2.7.1.45,21,35,0
2.7.1.46,0,0,0
2.7.1.47,39,65,13
2.7.1.48,18,30,0
2.7.1.49,24,40,0
2.7.1.5,12,20,0
2.7.1.50,33,55,0
2.7.1.51,57,95,19
2.7.1.52,138,230,46
2.7.1.53,51,85,17
2.7.1.55,81,135,27
2.7.1.58,87,145,29
2.7.1.59,27,45,0
2.7.1.6,9,15,0
2.7.1.60,12,20,0
2.7.1.63,39,65,13
2.7.1.64,51,85,17
2.7.1.67,15,25,0
2.7.1.68,18,30,0
2.7.1.71,9,15,0
2.7.1.72,69,115,23
2.7.1.73,33,55,11
2.7.1.74,30,50,0
2.7.1.76,36,60,0
2.7.1.77,18,30,0
2.7.1.78,27,45,0
2.7.1.8,63,105,21
2.7.1.81,48,80,16
2.7.1.82,33,55,0
2.7.1.83,54,90,18
2.7.1.85,57,95,19
2.7.1.86,51,85,17
2.7.1.87,63,105,21
2.7.1.89,24,40,0
2.7.1.90,18,30,0
2.7.1.91,36,60,0
2.7.1.92,24,40,0
2.7.1.93,30,50,0
2.7.1.94,33,55,11
2.7.1.95,33,55,0
2.7.10.-,54,90,0
2.7.10.1,12,20,0
2.7.10.2,21,35,0
2.7.11.-,27,45,0
2.7.11.1,3,5,0
2.7.11.10,33,55,0
2.7.11.11,9,15,0
2.7.11.12,33,55,0
2.7.11.13,24,40,0
2.7.11.14,30,50,0
2.7.11.15,48,80,0
2.7.11.16,12,20,0
2.7.11.17,18,30,0
2.7.11.18,3,5,0
2.7.11.19,33,55,0
2.7.11.2,21,35,0
2.7.11.20,57,95,19
2.7.11.21,24,40,0
2.7.11.22,24,40,0
2.7.11.23,21,35,0
2.7.11.24,9,15,0
2.7.11.26,18,30,0
2.7.11.30,12,20,0
2.7.11.31,36,60,0
2.7.11.32,15,25,0
2.7.11.33,15,25,0
2.7.11.34,39,65,0
2.7.11.4,45,75,15
2.7.11.5,18,30,0
2.7.11.7,63,105,21
2.7.11.8,72,120,24
2.7.12.1,6,10,0
2.7.12.2,9,15,0
2.7.13.-,117,195,39
2.7.13.3,12,20,0
2.7.14.1,30,50,0
2.7.2.-,96,160,32
2.7.2.1,3,5,0
2.7.2.11,9,15,0
2.7.2.15,24,40,0
2.7.2.16,30,50,0
2.7.2.17,21,35,0
2.7.2.19,30,50,0
2.7.2.2,18,30,0
2.7.2.3,6,10,0
2.7.2.4,18,30,0
2.7.2.7,15,25,0
2.7.2.8,15,25,0
2.7.3.-,84,140,28
2.7.3.1,87,145,29
2.7.3.13,129,215,43
2.7.3.2,3,5,0
2.7.3.3,24,40,0
2.7.3.4,45,75,15
2.7.3.5,57,95,19
2.7.3.9,18,30,0
2.7.4.-,12,20,0
2.7.4.1,12,20,0
2.7.4.10,24,40,0
2.7.4.13,51,85,17
2.7.4.14,12,20,0
2.7.4.16,27,45,0
2.7.4.2,30,50,0
2.7.4.23,12,20,0
2.7.4.24,114,190,38
2.7.4.25,24,40,0
2.7.4.26,30,50,10
2.7.4.27,12,20,0
2.7.4.28,18,30,0
2.7.4.29,81,135,27
2.7.4.3,9,15,0
2.7.4.31,129,215,43
2.7.4.33,39,65,13
2.7.4.34,87,145,29
2.7.4.4,27,45,0
2.7.4.6,21,35,0
2.7.4.7,27,45,0
2.7.4.8,15,25,0
2.7.4.9,6,10,0
2.7.6.-,72,120,24
2.7.6.1,9,15,0
2.7.6.2,39,65,0
2.7.6.3,30,50,0
2.7.6.5,15,25,0
2.7.7.1,12,20,0
2.7.7.101,15,25,0
2.7.7.102,24,40,0
2.7.7.104,111,185,37
2.7.7.105,18,30,0
2.7.7.107,54,90,18
2.7.7.13,24,40,0
2.7.7.14,27,45,0
2.7.7.15,60,100,0
2.7.7.18,9,15,0
2.7.7.19,27,45,0
2.7.7.2,27,45,0
2.7.7.23,6,10,0
2.7.7.24,33,55,0
2.7.7.27,12,20,0
2.7.7.3,9,15,0
2.7.7.33,63,105,21
2.7.7.38,18,30,0
2.7.7.39,57,95,19
2.7.7.4,9,15,0
2.7.7.40,18,30,0
2.7.7.41,18,30,0
2.7.7.42,15,25,0
2.7.7.43,21,35,0
2.7.7.46,45,75,15
2.7.7.48,15,25,0
2.7.7.5,57,95,19
2.7.7.50,9,15,0
2.7.7.51,54,90,18
2.7.7.52,30,50,0
2.7.7.53,33,55,11
2.7.7.56,6,10,0
2.7.7.59,15,25,0
2.7.7.6,6,10,0
2.7.7.61,30,50,0
2.7.7.62,48,80,16
2.7.7.64,30,50,10
2.7.7.65,21,35,0
2.7.7.66,18,30,0
2.7.7.67,6,10,0
2.7.7.68,12,20,0
2.7.7.69,66,110,22
2.7.7.7,15,25,0
2.7.7.70,24,40,0
2.7.7.71,90,150,30
2.7.7.72,12,20,0
2.7.7.73,33,55,11
2.7.7.74,39,65,13
2.7.7.75,15,25,0
2.7.7.76,90,150,30
2.7.7.77,12,20,0
2.7.7.78,27,45,0
2.7.7.8,9,15,0
2.7.7.80,24,40,0
2.7.7.82,75,125,25
2.7.7.83,42,70,14
2.7.7.84,30,50,0
2.7.7.85,30,50,0
2.7.7.87,21,35,0
2.7.7.88,99,165,33
2.7.7.89,9,15,0
2.7.7.9,12,20,0
2.7.7.90,30,50,0
2.7.7.91,75,125,25
2.7.7.93,117,195,39
2.7.7.96,45,75,15
2.7.7.97,63,105,21
2.7.7.99,48,80,16
2.7.8.-,18,30,0
2.7.8.1,24,40,0
2.7.8.11,30,50,0
2.7.8.12,60,100,20
2.7.8.13,12,20,0
2.7.8.14,78,130,26
2.7.8.15,27,45,0
2.7.8.17,0,0,0
2.7.8.2,30,50,0
2.7.8.20,18,30,0
2.7.8.22,54,90,18
2.7.8.23,78,130,26
2.7.8.24,36,60,0
2.7.8.26,12,20,0
2.7.8.27,30,50,0
2.7.8.28,24,40,0
2.7.8.29,39,65,0
2.7.8.31,54,90,18
2.7.8.32,30,50,10
2.7.8.33,33,55,0
2.7.8.34,42,70,14
2.7.8.36,117,195,39
2.7.8.37,69,115,23
2.7.8.38,96,160,32
2.7.8.39,36,60,12
2.7.8.41,24,40,0
2.7.8.42,63,105,21
2.7.8.43,57,95,19
2.7.8.44,75,125,25
2.7.8.46,96,160,32
2.7.8.47,114,190,38
2.7.8.48,138,230,46
2.7.8.5,12,20,0
2.7.8.6,84,140,28
2.7.8.7,15,25,0
2.7.8.8,48,80,0
2.7.9.1,18,30,0
2.7.9.2,21,35,0
2.7.9.3,21,35,0
2.7.9.4,0,0,0
2.7.9.5,0,0,0
2.7.9.6,36,60,12
2.7.99.-,123,205,41
2.8.1.-,9,15,0
2.8.1.1,3,5,0
2.8.1.10,21,35,0
2.8.1.12,6,10,0
2.8.1.13,9,15,0
2.8.1.14,36,60,0
2.8.1.15,135,225,45
2.8.1.16,72,120,24
2.8.1.2,60,100,0
2.8.1.3,96,160,32
2.8.1.4,15,25,0
2.8.1.6,15,25,0
2.8.1.7,12,20,0
2.8.1.8,21,35,0
2.8.1.9,18,30,0
2.8.2.-,15,25,0
2.8.2.1,21,35,0
2.8.2.11,51,85,17
2.8.2.14,33,55,11
2.8.2.17,30,50,0
2.8.2.2,27,45,0
2.8.2.20,30,50,0
2.8.2.21,45,75,0
2.8.2.22,51,85,17
2.8.2.23,42,70,0
2.8.2.24,81,135,27
2.8.2.25,93,155,31
2.8.2.27,90,150,30
2.8.2.29,69,115,23
2.8.2.3,63,105,21
2.8.2.30,66,110,22
2.8.2.33,69,115,23
2.8.2.34,108,180,36
2.8.2.35,57,95,19
2.8.2.36,102,170,34
2.8.2.37,66,110,22
2.8.2.38,60,100,20
2.8.2.39,96,160,32
2.8.2.4,87,145,29
2.8.2.40,57,95,19
2.8.2.5,42,70,0
2.8.2.n2,48,80,16
2.8.3.10,72,120,24
2.8.3.12,96,160,32
2.8.3.13,66,110,22
2.8.3.15,63,105,21
2.8.3.16,15,25,0
2.8.3.17,123,205,41
2.8.3.18,54,90,18
2.8.3.20,117,195,39
2.8.3.21,24,40,0
2.8.3.22,45,75,15
2.8.3.23,120,200,40
2.8.3.24,114,190,38
2.8.3.25,39,65,13
2.8.3.26,102,170,34
2.8.3.27,63,105,21
2.8.3.28,114,190,38
2.8.3.5,6,10,0
2.8.3.6,36,60,12
2.8.3.9,66,110,22
2.8.4.2,54,90,18
2.8.4.3,12,20,0
2.8.4.4,3,5,0
2.8.4.6,129,215,43
2.8.5.1,117,195,39
2.9.1.2,18,30,0
2.9.1.3,9,15,0
3.1.-.-,12,20,0
3.1.1.-,12,20,0
3.1.1.1,15,25,0
3.1.1.10,87,145,29
3.1.1.101,27,45,0
3.1.1.102,99,165,33
3.1.1.103,54,90,0
3.1.1.104,81,135,27
3.1.1.105,57,95,19
3.1.1.106,30,50,0
3.1.1.107,84,140,28
3.1.1.108,63,105,21
3.1.1.11,12,20,0
3.1.1.110,117,195,39
3.1.1.111,24,40,0
3.1.1.112,84,140,28
3.1.1.113,72,120,24
3.1.1.114,105,175,35
3.1.1.115,126,210,42
3.1.1.116,27,45,0
3.1.1.117,39,65,0
3.1.1.118,81,135,27
3.1.1.120,75,125,25
3.1.1.122,117,195,39
3.1.1.123,51,85,17
3.1.1.13,21,35,0
3.1.1.14,42,70,14
3.1.1.15,72,120,24
3.1.1.17,33,55,0
3.1.1.2,15,25,0
3.1.1.20,63,105,21
3.1.1.22,18,30,0
3.1.1.24,99,165,33
3.1.1.25,78,130,26
3.1.1.26,39,65,0
3.1.1.27,87,145,29
3.1.1.28,72,120,24
3.1.1.3,18,30,0
3.1.1.31,27,45,0
3.1.1.32,9,15,0
3.1.1.34,24,40,0
3.1.1.35,105,175,35
3.1.1.4,12,20,0
3.1.1.41,72,120,24
3.1.1.42,84,140,28
3.1.1.45,39,65,0
3.1.1.47,21,35,0
3.1.1.53,3,5,0
3.1.1.56,42,70,14
3.1.1.57,75,125,25
3.1.1.59,30,50,10
3.1.1.6,18,30,0
3.1.1.61,21,35,0
3.1.1.64,30,50,0
3.1.1.65,111,185,37
3.1.1.67,96,160,32
3.1.1.7,45,75,0
3.1.1.72,24,40,0
3.1.1.73,24,40,0
3.1.1.74,6,10,0
3.1.1.75,51,85,17
3.1.1.76,141,235,47
3.1.1.77,33,55,11
3.1.1.78,84,140,28
3.1.1.79,36,60,0
3.1.1.8,33,55,0
3.1.1.80,39,65,13
3.1.1.81,24,40,0
3.1.1.82,111,185,37
3.1.1.83,123,205,41
3.1.1.84,30,50,10
3.1.1.85,27,45,0
3.1.1.86,84,140,28
3.1.1.87,147,245,49
3.1.1.88,54,90,18
3.1.1.89,30,50,0
3.1.1.90,87,145,29
3.1.1.91,126,210,42
3.1.1.92,81,135,27
3.1.1.93,57,95,19
3.1.1.94,39,65,13
3.1.1.95,123,205,41
3.1.1.97,33,55,11
3.1.1.99,108,180,36
3.1.1.n2,36,60,12
3.1.11.-,15,25,0
3.1.11.1,12,20,0
3.1.11.2,21,35,0
3.1.11.3,39,65,13
3.1.11.5,0,0,0
3.1.11.6,9,15,0
3.1.12.-,93,155,31
3.1.12.1,15,25,0
3.1.13.1,15,25,0
3.1.13.4,9,15,0
3.1.13.5,12,20,0
3.1.15.-,12,20,0
3.1.16.1,45,75,0
3.1.2.-,15,25,0
3.1.2.1,18,30,0
3.1.2.11,33,55,11
3.1.2.12,21,35,0
3.1.2.14,51,85,0
3.1.2.2,18,30,0
3.1.2.20,30,50,0
3.1.2.21,78,130,26
3.1.2.22,33,55,0
3.1.2.28,30,50,0
3.1.2.29,123,205,41
3.1.2.3,42,70,14
3.1.2.30,45,75,0
3.1.2.31,27,45,9
3.1.2.32,129,215,43
3.1.2.33,36,60,12
3.1.2.4,45,75,0
3.1.2.5,51,85,17
3.1.2.6,21,35,0
3.1.21.-,12,20,0
3.1.21.1,18,30,0
3.1.21.10,15,25,0
3.1.21.2,12,20,0
3.1.21.3,36,60,0
3.1.21.4,24,40,0
3.1.21.5,48,80,16
3.1.21.7,21,35,0
3.1.21.8,129,215,43
3.1.21.9,78,130,26
3.1.22.-,33,55,0
3.1.22.1,33,55,0
3.1.24.-,36,60,12
3.1.25.-,48,80,16
3.1.26.-,21,35,0
3.1.26.1,144,240,48
3.1.26.11,9,15,0
3.1.26.12,39,65,13
3.1.26.13,0,0,0
3.1.26.4,6,10,0
3.1.26.5,9,15,0
3.1.26.n2,30,50,0
3.1.27.-,12,20,0
3.1.3.-,18,30,0
3.1.3.1,33,55,0
3.1.3.10,30,50,10
3.1.3.100,66,110,22
3.1.3.101,141,235,47
3.1.3.103,108,180,36
3.1.3.104,30,50,0
3.1.3.105,78,130,26
3.1.3.106,30,50,0
3.1.3.108,57,95,19
3.1.3.109,108,180,36
3.1.3.11,12,20,0
3.1.3.111,60,100,20
3.1.3.112,138,230,46
3.1.3.12,18,30,0
3.1.3.15,33,55,0
3.1.3.16,15,25,0
3.1.3.18,36,60,0
3.1.3.2,18,30,0
3.1.3.21,42,70,0
3.1.3.22,36,60,12
3.1.3.23,42,70,0
3.1.3.24,30,50,0
3.1.3.25,24,40,0
3.1.3.27,15,25,0
3.1.3.29,45,75,15
3.1.3.3,27,45,0
3.1.3.32,39,65,13
3.1.3.34,117,195,39
3.1.3.35,60,100,20
3.1.3.36,24,40,0
3.1.3.37,27,45,0
3.1.3.39,90,150,30
3.1.3.4,15,25,0
3.1.3.41,45,75,15
3.1.3.43,24,40,0
3.1.3.45,30,50,0
3.1.3.46,24,40,0
3.1.3.48,6,10,0
3.1.3.5,21,35,0
3.1.3.50,30,50,10
3.1.3.52,39,65,13
3.1.3.53,42,70,0
3.1.3.54,165,275,55
3.1.3.56,27,45,0
3.1.3.57,18,30,0
3.1.3.6,27,45,0
3.1.3.60,90,150,30
3.1.3.62,51,85,17
3.1.3.64,18,30,0
3.1.3.66,33,55,0
3.1.3.67,15,25,0
3.1.3.69,93,155,31
3.1.3.7,24,40,0
3.1.3.70,36,60,0
3.1.3.71,12,20,0
3.1.3.73,57,95,19
3.1.3.74,42,70,0
3.1.3.75,54,90,18
3.1.3.76,42,70,14
3.1.3.77,36,60,0
3.1.3.78,33,55,0
3.1.3.79,111,185,37
3.1.3.8,21,35,0
3.1.3.80,33,55,11
3.1.3.82,27,45,0
3.1.3.83,27,45,0
3.1.3.84,33,55,0
3.1.3.85,33,55,11
3.1.3.86,24,40,0
3.1.3.88,114,190,38
3.1.3.89,9,15,0
3.1.3.9,30,50,0
3.1.3.90,90,150,30
3.1.3.91,33,55,0
3.1.3.92,111,185,37
3.1.3.93,87,145,29
3.1.3.94,42,70,0
3.1.3.95,21,35,0
3.1.3.96,39,65,13
3.1.3.97,69,115,23
3.1.3.99,33,55,0
3.1.30.-,12,20,0
3.1.30.1,27,45,9
3.1.30.2,141,235,47
3.1.31.1,24,40,0
3.1.4.1,39,65,0
3.1.4.11,18,30,0
3.1.4.12,21,35,0
3.1.4.14,12,20,0
3.1.4.16,24,40,0
3.1.4.17,24,40,0
3.1.4.2,60,100,20
3.1.4.3,36,60,0
3.1.4.35,27,45,0
3.1.4.37,42,70,0
3.1.4.39,54,90,18
3.1.4.4,33,55,0
3.1.4.43,54,90,18
3.1.4.44,30,50,10
3.1.4.45,57,95,19
3.1.4.46,18,30,0
3.1.4.50,36,60,12
3.1.4.52,42,70,0
3.1.4.53,24,40,0
3.1.4.54,27,45,0
3.1.4.55,132,220,44
3.1.4.56,135,225,45
3.1.4.57,126,210,42
3.1.4.58,18,30,0
3.1.4.59,45,75,15
3.1.5.-,33,55,0
3.1.6.-,18,30,0
3.1.6.1,21,35,0
3.1.6.12,51,85,17
3.1.6.13,72,120,24
3.1.6.14,51,85,0
3.1.6.15,39,65,13
3.1.6.18,42,70,0
3.1.6.19,126,210,42
3.1.6.21,48,80,16
3.1.6.4,39,65,13
3.1.6.6,78,130,26
3.1.7.10,111,185,37
3.1.7.11,36,60,0
3.1.7.12,105,175,35
3.1.7.13,123,205,41
3.1.7.6,51,85,17
3.1.8.1,27,45,0
3.10.1.1,129,215,43
3.11.1.1,18,30,0
3.11.1.2,39,65,13
3.11.1.3,75,125,25
3.13.-.-,138,230,46
3.13.1.-,93,155,31
3.13.1.1,57,95,19
3.13.1.3,60,100,20
3.13.1.4,39,65,13
3.13.1.5,42,70,14
3.13.1.6,45,75,15
3.13.1.7,132,220,44
3.13.1.9,15,25,5
3.13.2.1,18,30,0
3.13.2.3,45,75,15
3.2.-.-,12,20,0
3.2.1.-,24,40,0
3.2.1.1,21,35,0
3.2.1.10,21,35,0
3.2.1.102,102,170,34
3.2.1.103,102,170,34
3.2.1.106,45,75,15
3.2.1.107,60,100,20
3.2.1.108,0,0,0
3.2.1.11,39,65,13
3.2.1.113,36,60,0
3.2.1.114,0,0,0
3.2.1.117,51,85,17
3.2.1.118,63,105,21
3.2.1.119,108,180,36
3.2.1.122,45,75,15
3.2.1.123,36,60,12
3.2.1.125,123,205,41
3.2.1.126,102,170,34
3.2.1.129,102,170,34
3.2.1.130,39,65,13
3.2.1.132,21,35,0
3.2.1.133,57,95,19
3.2.1.135,48,80,16
3.2.1.139,45,75,0
3.2.1.14,27,45,0
3.2.1.140,0,0,0
3.2.1.141,48,80,0
3.2.1.142,105,175,35
3.2.1.143,27,45,0
3.2.1.147,48,80,0
3.2.1.15,15,25,0
3.2.1.150,51,85,17
3.2.1.151,15,25,0
3.2.1.152,72,120,24
3.2.1.153,21,35,0
3.2.1.154,90,150,30
3.2.1.155,117,195,39
3.2.1.156,78,130,26
3.2.1.158,0,0,0
3.2.1.161,99,165,33
3.2.1.162,78,130,26
3.2.1.164,102,170,34
3.2.1.165,51,85,17
3.2.1.166,63,105,21
3.2.1.167,96,160,32
3.2.1.169,30,50,10
3.2.1.170,42,70,14
3.2.1.171,36,60,0
3.2.1.172,51,85,17
3.2.1.175,126,210,42
3.2.1.176,42,70,14
3.2.1.177,18,30,0
3.2.1.178,45,75,15
3.2.1.179,132,220,44
3.2.1.18,27,45,0
3.2.1.180,66,110,22
3.2.1.181,159,265,53
3.2.1.182,36,60,12
3.2.1.183,48,80,16
3.2.1.184,93,155,31
3.2.1.185,99,165,33
3.2.1.186,99,165,33
3.2.1.187,0,0,0
3.2.1.188,51,85,17
3.2.1.196,9,15,0
3.2.1.199,90,150,30
3.2.1.20,18,30,0
3.2.1.200,141,235,47
3.2.1.202,0,0,0
3.2.1.204,84,140,28
3.2.1.205,108,180,36
3.2.1.206,105,175,35
3.2.1.207,48,80,0
3.2.1.208,123,205,41
3.2.1.209,108,180,36
3.2.1.21,12,20,0
3.2.1.213,0,0,0
3.2.1.214,87,145,29
3.2.1.215,0,0,0
3.2.1.216,54,90,18
3.2.1.218,105,175,35
3.2.1.219,96,160,32
3.2.1.220,108,180,36
3.2.1.222,93,155,31
3.2.1.23,15,25,0
3.2.1.24,30,50,0
3.2.1.25,24,40,0
3.2.1.26,21,35,0
3.2.1.28,24,40,0
3.2.1.3,33,55,0
3.2.1.31,39,65,0
3.2.1.32,36,60,12
3.2.1.33,0,0,0
3.2.1.35,12,20,0
3.2.1.36,105,175,35
3.2.1.37,21,35,0
3.2.1.38,105,175,35
3.2.1.39,9,15,0
3.2.1.4,21,35,0
3.2.1.45,21,35,0
3.2.1.46,24,40,0
3.2.1.48,114,190,38
3.2.1.49,21,35,0
3.2.1.50,81,135,27
3.2.1.51,24,40,0
3.2.1.52,21,35,0
3.2.1.54,39,65,13
3.2.1.55,15,25,0
3.2.1.57,108,180,36
3.2.1.58,21,35,0
3.2.1.6,21,35,0
3.2.1.60,51,85,17
3.2.1.62,0,0,0
3.2.1.64,87,145,29
3.2.1.65,123,205,41
3.2.1.67,30,50,0
3.2.1.68,24,40,0
3.2.1.7,45,75,15
3.2.1.70,63,105,21
3.2.1.72,123,205,41
3.2.1.73,42,70,0
3.2.1.74,69,115,23
3.2.1.75,48,80,0
3.2.1.76,63,105,21
3.2.1.78,12,20,0
3.2.1.8,15,25,0
3.2.1.80,36,60,0
3.2.1.81,21,35,0
3.2.1.82,105,175,35
3.2.1.83,84,140,28
3.2.1.84,102,170,34
3.2.1.85,15,25,0
3.2.1.86,27,45,0
3.2.1.89,15,25,0
3.2.1.91,24,40,0
3.2.1.92,111,185,37
3.2.1.93,72,120,24
3.2.1.94,123,205,41
3.2.1.96,24,40,0
3.2.1.97,0,0,0
3.2.1.98,75,125,25
3.2.1.99,39,65,0
3.2.1.n1,30,50,0
3.2.1.n2,57,95,19
3.2.1.n3,129,215,43
3.2.2.-,15,25,0
3.2.2.1,69,115,23
3.2.2.16,111,185,37
3.2.2.17,96,160,32
3.2.2.19,42,70,0
3.2.2.2,60,100,20
3.2.2.20,90,150,30
3.2.2.21,27,45,0
3.2.2.22,12,20,0
3.2.2.23,15,25,0
3.2.2.24,96,160,32
3.2.2.26,42,70,14
3.2.2.27,21,35,0
3.2.2.28,9,15,0
3.2.2.29,51,85,17
3.2.2.3,54,90,0
3.2.2.30,51,85,17
3.2.2.31,27,45,0
3.2.2.4,27,45,9
3.2.2.5,33,55,0
3.2.2.6,6,10,0
3.2.2.7,42,70,14
3.2.2.8,18,30,0
3.2.2.9,6,10,0
3.2.2.n1,27,45,0
3.3.-.-,66,110,22
3.3.2.-,27,45,9
3.3.2.1,27,45,0
3.3.2.10,6,10,0
3.3.2.11,36,60,0
3.3.2.12,93,155,31
3.3.2.13,102,170,34
3.3.2.14,54,90,18
3.3.2.15,75,125,25
3.3.2.6,30,50,0
3.3.2.9,48,80,0
3.4.-.-,15,25,0
3.4.11.1,15,25,0
3.4.11.10,9,15,0
3.4.11.14,42,70,14
3.4.11.15,66,110,22
3.4.11.18,24,40,0
3.4.11.19,27,45,0
3.4.11.2,33,55,0
3.4.11.20,129,215,43
3.4.11.21,30,50,0
3.4.11.22,120,200,40
3.4.11.23,18,30,0
3.4.11.24,141,235,47
3.4.11.25,84,140,28
3.4.11.26,54,90,18
3.4.11.3,0,0,0
3.4.11.4,24,40,0
3.4.11.5,30,50,0
3.4.11.6,21,35,7
3.4.11.7,18,30,0
3.4.13.-,15,25,0
3.4.13.18,42,70,14
3.4.13.19,42,70,0
3.4.13.20,48,80,16
3.4.13.21,9,15,0
3.4.13.22,60,100,20
3.4.13.23,51,85,0
3.4.13.4,78,130,26
3.4.13.9,12,20,0
3.4.14.-,6,10,0
3.4.14.1,27,45,0
3.4.14.10,12,20,0
3.4.14.11,27,45,0
3.4.14.12,84,140,28
3.4.14.13,78,130,26
3.4.14.14,45,75,15
3.4.14.2,33,55,11
3.4.14.4,39,65,0
3.4.14.5,12,20,0
3.4.14.9,33,55,0
3.4.15.1,66,110,22
3.4.15.5,72,120,24
3.4.15.6,30,50,10
3.4.16.-,18,30,0
3.4.16.2,63,105,21
3.4.16.4,15,25,0
3.4.16.5,12,20,0
3.4.16.6,18,30,0
3.4.17.-,12,20,0
3.4.17.1,39,65,0
3.4.17.10,21,35,0
3.4.17.11,105,175,35
3.4.17.12,66,110,22
3.4.17.13,27,45,0
3.4.17.14,120,200,40
3.4.17.15,42,70,14
3.4.17.17,27,45,9
3.4.17.18,42,70,14
3.4.17.19,42,70,14
3.4.17.20,36,60,12
3.4.17.21,27,45,0
3.4.17.22,117,195,39
3.4.17.23,51,85,17
3.4.17.24,48,80,0
3.4.17.3,57,95,19
3.4.17.6,111,185,37
3.4.18.1,30,50,10
3.4.19.-,18,30,0
3.4.19.1,33,55,0
3.4.19.11,39,65,13
3.4.19.12,12,20,0
3.4.19.13,15,25,0
3.4.19.14,36,60,0
3.4.19.15,57,95,19
3.4.19.16,60,100,20
3.4.19.3,15,25,0
3.4.19.5,21,35,0
3.4.19.6,0,0,0
3.4.19.9,27,45,0
3.4.21.-,15,25,0
3.4.21.1,21,35,0
3.4.21.10,48,80,0
3.4.21.100,102,170,34
3.4.21.101,141,235,47
3.4.21.102,18,30,0
3.4.21.103,111,185,37
3.4.21.104,39,65,13
3.4.21.105,33,55,0
3.4.21.106,42,70,14
3.4.21.107,21,35,0
3.4.21.108,33,55,0
3.4.21.109,63,105,21
3.4.21.110,0,0,0
3.4.21.111,114,190,38
3.4.21.112,0,0,0
3.4.21.113,0,0,0
3.4.21.116,111,185,37
3.4.21.117,78,130,26
3.4.21.118,45,75,15
3.4.21.119,114,190,38
3.4.21.12,42,70,14
3.4.21.120,72,120,24
3.4.21.121,99,165,33
3.4.21.122,57,95,19
3.4.21.19,9,15,0
3.4.21.2,39,65,13
3.4.21.20,57,95,19
3.4.21.21,39,65,13
3.4.21.22,39,65,0
3.4.21.25,90,150,30
3.4.21.26,27,45,0
3.4.21.27,36,60,12
3.4.21.32,33,55,0
3.4.21.34,60,100,20
3.4.21.36,33,55,0
3.4.21.37,96,160,32
3.4.21.38,42,70,14
3.4.21.39,21,35,0
3.4.21.4,9,15,0
3.4.21.41,24,40,8
3.4.21.42,27,45,9
3.4.21.43,42,70,14
3.4.21.45,57,95,19
3.4.21.46,45,75,15
3.4.21.47,21,35,7
3.4.21.48,114,190,38
3.4.21.49,120,200,40
3.4.21.5,39,65,13
3.4.21.50,66,110,22
3.4.21.53,30,50,0
3.4.21.54,105,175,35
3.4.21.55,114,190,38
3.4.21.6,15,25,0
3.4.21.61,72,120,24
3.4.21.62,30,50,0
3.4.21.63,39,65,0
3.4.21.64,114,190,38
3.4.21.65,81,135,27
3.4.21.66,117,195,39
3.4.21.68,39,65,0
3.4.21.69,36,60,0
3.4.21.7,24,40,0
3.4.21.70,48,80,16
3.4.21.71,36,60,12
3.4.21.72,0,0,0
3.4.21.73,51,85,0
3.4.21.74,36,60,0
3.4.21.75,60,100,20
3.4.21.76,84,140,28
3.4.21.77,69,115,23
3.4.21.78,24,40,8
3.4.21.81,96,160,32
3.4.21.82,114,190,38
3.4.21.83,99,165,33
3.4.21.85,78,130,26
3.4.21.86,90,150,30
3.4.21.88,18,30,0
3.4.21.89,21,35,0
3.4.21.9,87,145,29
3.4.21.90,45,75,15
3.4.21.91,0,0,0
3.4.21.92,3,5,0
3.4.21.93,39,65,13
3.4.21.95,66,110,22
3.4.21.96,0,0,0
3.4.21.97,33,55,0
3.4.21.99,111,185,37
3.4.22.1,39,65,0
3.4.22.10,18,30,6
3.4.22.14,63,105,21
3.4.22.15,21,35,0
3.4.22.16,45,75,0
3.4.22.2,102,170,34
3.4.22.25,105,175,35
3.4.22.27,33,55,11
3.4.22.28,123,205,41
3.4.22.29,0,0,0
3.4.22.30,162,270,54
3.4.22.31,96,160,32
3.4.22.34,45,75,0
3.4.22.35,69,115,23
3.4.22.36,21,35,0
3.4.22.37,57,95,19
3.4.22.38,33,55,0
3.4.22.39,30,50,0
3.4.22.40,12,20,0
3.4.22.41,66,110,22
3.4.22.42,78,130,26
3.4.22.43,66,110,22
3.4.22.44,72,120,24
3.4.22.45,15,25,0
3.4.22.47,0,0,0
3.4.22.49,0,0,0
3.4.22.50,39,65,0
3.4.22.51,117,195,39
3.4.22.52,30,50,0
3.4.22.53,39,65,0
3.4.22.54,60,100,0
3.4.22.55,39,65,13
3.4.22.56,24,40,0
3.4.22.57,42,70,14
3.4.22.58,66,110,22
3.4.22.59,36,60,12
3.4.22.6,138,230,46
3.4.22.60,51,85,17
3.4.22.61,39,65,13
3.4.22.62,57,95,19
3.4.22.63,114,190,38
3.4.22.64,99,165,33
3.4.22.65,36,60,12
3.4.22.66,0,0,0
3.4.22.67,45,75,15
3.4.22.68,69,115,23
3.4.22.70,66,110,22
3.4.22.71,147,245,49
3.4.22.8,144,240,48
3.4.23.-,15,25,0
3.4.23.1,12,20,0
3.4.23.12,36,60,12
3.4.23.15,27,45,0
3.4.23.16,54,90,18
3.4.23.18,18,30,0
3.4.23.19,135,225,45
3.4.23.20,42,70,14
3.4.23.21,57,95,19
3.4.23.22,111,185,37
3.4.23.23,42,70,14
3.4.23.24,12,20,0
3.4.23.25,33,55,11
3.4.23.29,117,195,39
3.4.23.3,30,50,0
3.4.23.32,117,195,39
3.4.23.34,42,70,0
3.4.23.35,147,245,49
3.4.23.36,15,25,0
3.4.23.38,69,115,23
3.4.23.39,45,75,15
3.4.23.4,48,80,16
3.4.23.40,135,225,45
3.4.23.42,120,200,40
3.4.23.43,30,50,0
3.4.23.44,33,55,11
3.4.23.46,45,75,15
3.4.23.47,0,0,0
3.4.23.48,105,175,35
3.4.23.49,69,115,23
3.4.23.5,27,45,0
3.4.23.50,39,65,0
3.4.23.51,66,110,22
3.4.23.52,36,60,12
3.4.24.-,24,40,0
3.4.24.1,138,230,46
3.4.24.11,42,70,0
3.4.24.12,96,160,32
3.4.24.13,0,0,0
3.4.24.14,0,0,0
3.4.24.15,51,85,17
3.4.24.17,42,70,14
3.4.24.18,51,85,17
3.4.24.19,39,65,13
3.4.24.20,75,125,25
3.4.24.21,42,70,14
3.4.24.22,51,85,17
3.4.24.23,36,60,12
3.4.24.24,75,125,25
3.4.24.25,99,165,33
3.4.24.26,90,150,30
3.4.24.27,21,35,7
3.4.24.28,21,35,0
3.4.24.29,114,190,38
3.4.24.3,39,65,0
3.4.24.30,165,275,55
3.4.24.31,96,160,32
3.4.24.32,78,130,26
3.4.24.33,45,75,15
3.4.24.34,21,35,7
3.4.24.35,36,60,12
3.4.24.36,48,80,0
3.4.24.37,93,155,31
3.4.24.39,21,35,0
3.4.24.40,24,40,0
3.4.24.41,129,215,43
3.4.24.42,45,75,15
3.4.24.43,120,200,40
3.4.24.44,84,140,28
3.4.24.46,135,225,45
3.4.24.48,108,180,36
3.4.24.49,108,180,36
3.4.24.50,90,150,30
3.4.24.53,51,85,17
3.4.24.55,54,90,18
3.4.24.56,57,95,19
3.4.24.58,57,95,19
3.4.24.59,33,55,0
3.4.24.61,0,0,0
3.4.24.63,63,105,21
3.4.24.64,18,30,0
3.4.24.65,42,70,14
3.4.24.66,108,180,36
3.4.24.67,57,95,19
3.4.24.68,0,0,0
3.4.24.69,0,0,0
3.4.24.7,21,35,0
3.4.24.70,45,75,15
3.4.24.71,30,50,0
3.4.24.72,48,80,16
3.4.24.73,108,180,36
3.4.24.74,144,240,48
3.4.24.75,21,35,0
3.4.24.76,141,235,47
3.4.24.77,33,55,11
3.4.24.78,21,35,0
3.4.24.79,0,0,0
3.4.24.80,36,60,12
3.4.24.81,27,45,9
3.4.24.82,36,60,12
3.4.24.83,132,220,44
3.4.24.84,39,65,0
3.4.24.86,45,75,15
3.4.24.87,0,0,0
3.4.24.89,81,135,27
3.4.25.-,45,75,15
3.4.25.1,6,10,0
3.4.25.2,12,20,0
3.4.26.1,24,40,0
3.5.-.-,15,25,0
3.5.1.-,12,20,0
3.5.1.1,30,50,0
3.5.1.101,63,105,21
3.5.1.102,24,40,0
3.5.1.103,18,30,0
3.5.1.104,36,60,0
3.5.1.105,12,20,0
3.5.1.106,108,180,36
3.5.1.107,105,175,35
3.5.1.108,18,30,0
3.5.1.109,117,195,39
3.5.1.110,6,10,0
3.5.1.111,75,125,25
3.5.1.112,75,125,25
3.5.1.113,114,190,38
3.5.1.114,33,55,0
3.5.1.116,57,95,19
3.5.1.117,54,90,18
3.5.1.118,57,95,19
3.5.1.119,42,70,14
3.5.1.12,48,80,16
3.5.1.121,57,95,19
3.5.1.122,36,60,0
3.5.1.123,114,190,38
3.5.1.124,21,35,0
3.5.1.125,99,165,33
3.5.1.126,141,235,47
3.5.1.127,48,80,16
3.5.1.129,120,200,40
3.5.1.13,75,125,25
3.5.1.130,12,20,0
3.5.1.131,132,220,44
3.5.1.132,24,40,0
3.5.1.133,99,165,33
3.5.1.134,123,205,41
3.5.1.135,21,35,0
3.5.1.136,114,190,38
3.5.1.138,123,205,41
3.5.1.14,36,60,0
3.5.1.16,21,35,0
3.5.1.18,3,5,0
3.5.1.19,39,65,0
3.5.1.2,21,35,0
3.5.1.20,114,190,38
3.5.1.23,18,30,0
3.5.1.24,42,70,14
3.5.1.25,21,35,0
3.5.1.26,21,35,0
3.5.1.28,24,40,0
3.5.1.29,111,185,37
3.5.1.3,24,40,0
3.5.1.32,132,220,44
3.5.1.38,60,100,20
3.5.1.4,12,20,0
3.5.1.41,30,50,0
3.5.1.46,84,140,28
3.5.1.47,12,20,0
3.5.1.48,48,80,16
3.5.1.49,24,40,0
3.5.1.52,6,10,0
3.5.1.53,45,75,15
3.5.1.54,108,180,36
3.5.1.56,42,70,14
3.5.1.59,102,170,34
3.5.1.60,42,70,14
3.5.1.62,48,80,0
3.5.1.68,57,95,19
3.5.1.74,54,90,18
3.5.1.75,57,95,19
3.5.1.77,54,90,18
3.5.1.78,90,150,30
3.5.1.79,96,160,32
3.5.1.81,147,245,49
3.5.1.83,96,160,32
3.5.1.87,33,55,11
3.5.1.88,6,10,0
3.5.1.89,27,45,0
3.5.1.9,12,20,0
3.5.1.90,63,105,21
3.5.1.91,93,155,31
3.5.1.92,48,80,16
3.5.1.93,45,75,15
3.5.1.94,45,75,15
3.5.1.97,15,25,0
3.5.1.98,33,55,0
3.5.1.99,36,60,0
3.5.1.n3,18,30,0
3.5.2.-,27,45,0
3.5.2.1,63,105,21
3.5.2.10,132,220,44
3.5.2.12,63,105,21
3.5.2.15,27,45,0
3.5.2.17,27,45,0
3.5.2.18,102,170,34
3.5.2.19,72,120,24
3.5.2.20,105,175,35
3.5.2.3,15,25,0
3.5.2.5,18,30,0
3.5.2.6,15,25,0
3.5.2.7,15,25,0
3.5.2.9,27,45,0
3.5.3.-,39,65,13
3.5.3.1,12,20,0
3.5.3.12,36,60,0
3.5.3.13,102,170,34
3.5.3.15,42,70,0
3.5.3.17,51,85,17
3.5.3.18,33,55,11
3.5.3.22,78,130,26
3.5.3.23,18,30,0
3.5.3.24,48,80,16
3.5.3.25,96,160,32
3.5.3.26,69,115,23
3.5.3.27,60,100,20
3.5.3.3,51,85,17
3.5.3.4,21,35,0
3.5.3.7,51,85,17
3.5.3.8,9,15,0
3.5.4.-,12,20,0
3.5.4.10,12,20,0
3.5.4.11,57,95,19
3.5.4.12,51,85,0
3.5.4.13,12,20,0
3.5.4.15,99,165,33
3.5.4.16,15,25,0
3.5.4.19,12,20,0
3.5.4.2,12,20,0
3.5.4.23,63,105,21
3.5.4.25,15,25,0
3.5.4.26,24,40,0
3.5.4.27,18,30,0
3.5.4.28,21,35,0
3.5.4.29,27,45,0
3.5.4.3,30,50,0
3.5.4.30,6,10,0
3.5.4.31,21,35,0
3.5.4.32,120,200,40
3.5.4.34,36,60,0
3.5.4.35,105,175,35
3.5.4.36,39,65,0
3.5.4.37,54,90,18
3.5.4.38,15,25,0
3.5.4.39,9,15,0
3.5.4.4,18,30,0
3.5.4.40,48,80,16
3.5.4.41,15,25,0
3.5.4.42,150,250,50
3.5.4.43,111,185,37
3.5.4.44,126,210,42
3.5.4.45,114,190,38
3.5.4.46,147,245,49
3.5.4.6,33,55,0
3.5.4.9,9,15,0
3.5.5.1,24,40,0
3.5.5.4,24,40,8
3.5.5.7,60,100,20
3.5.5.8,51,85,17
3.5.99.-,36,60,0
3.5.99.10,24,40,0
3.5.99.11,93,155,31
3.5.99.13,42,70,14
3.5.99.14,48,80,16
3.5.99.2,27,45,0
3.5.99.5,45,75,15
3.5.99.6,6,10,0
3.5.99.8,105,175,35
3.5.99.9,111,185,37
3.6.1.-,9,15,0
3.6.1.1,18,30,0
3.6.1.10,33,55,0
3.6.1.12,18,30,0
3.6.1.13,30,50,0
3.6.1.15,18,30,0
3.6.1.16,21,35,0
3.6.1.17,21,35,0
3.6.1.21,87,145,29
3.6.1.22,33,55,0
3.6.1.23,15,25,0
3.6.1.25,42,70,14
3.6.1.27,12,20,0
3.6.1.28,39,65,13
3.6.1.29,33,55,0
3.6.1.40,15,25,0
3.6.1.42,18,30,6
3.6.1.43,27,45,0
3.6.1.45,51,85,0
3.6.1.5,24,40,0
3.6.1.52,27,45,0
3.6.1.53,48,80,0
3.6.1.54,9,15,0
3.6.1.55,15,25,0
3.6.1.57,75,125,25
3.6.1.58,24,40,0
3.6.1.59,24,40,0
3.6.1.6,21,35,0
3.6.1.60,51,85,17
3.6.1.61,30,50,0
3.6.1.62,24,40,0
3.6.1.63,99,165,33
3.6.1.64,45,75,15
3.6.1.66,9,15,0
3.6.1.67,45,75,15
3.6.1.68,36,60,12
3.6.1.7,15,25,0
3.6.1.71,21,35,0
3.6.1.72,18,30,0
3.6.1.73,18,30,0
3.6.1.74,21,35,0
3.6.1.75,24,40,0
3.6.1.76,111,185,37
3.6.1.77,18,30,0
3.6.1.8,51,85,17
3.6.1.9,12,20,0
3.6.2.1,18,30,0
3.6.3.-,60,100,20
3.6.4.-,18,30,0
3.6.4.10,12,20,0
3.6.4.12,27,45,0
3.6.4.13,6,10,0
3.6.4.6,9,15,0
3.6.5.-,18,30,0
3.6.5.2,15,25,0
3.6.5.4,21,35,0
3.6.5.5,27,45,0
3.6.5.n1,9,15,0
3.7.-.-,135,225,45
3.7.1.-,42,70,0
3.7.1.1,141,235,47
3.7.1.11,129,215,43
3.7.1.13,123,205,41
3.7.1.14,12,20,0
3.7.1.19,96,160,32
3.7.1.2,24,40,0
3.7.1.20,84,140,28
3.7.1.21,54,90,18
3.7.1.22,15,25,0
3.7.1.23,105,175,35
3.7.1.24,30,50,10
3.7.1.25,102,170,34
3.7.1.26,96,160,32
3.7.1.28,126,210,42
3.7.1.3,9,15,0
3.7.1.4,78,130,26
3.7.1.5,60,100,20
3.7.1.8,60,100,0
3.7.1.9,72,120,24
3.8.1.-,60,100,20
3.8.1.10,72,120,24
3.8.1.2,33,55,0
3.8.1.3,57,95,19
3.8.1.5,15,25,0
3.8.1.7,72,120,24
3.8.1.8,111,185,37
3.8.1.9,117,195,39
3.8.2.2,66,110,22
3.9.1.-,33,55,0
3.9.1.1,60,100,20
3.9.1.2,63,105,21
3.9.1.3,54,90,18
4.-.-.-,12,20,0
4.1.-.-,30,50,10
4.1.1.1,15,25,0
4.1.1.100,30,50,10
4.1.1.101,54,90,18
4.1.1.102,66,110,22
4.1.1.103,54,90,18
4.1.1.104,30,50,10
4.1.1.105,63,105,21
4.1.1.106,96,160,32
4.1.1.107,24,40,8
4.1.1.108,72,120,24
4.1.1.109,60,100,20
4.1.1.11,15,25,0
4.1.1.110,45,75,15
4.1.1.111,12,20,0
4.1.1.112,18,30,0
4.1.1.115,132,220,44
4.1.1.116,123,205,41
4.1.1.117,84,140,28
4.1.1.12,84,140,28
4.1.1.120,132,220,44
4.1.1.121,63,105,21
4.1.1.126,30,50,10
4.1.1.127,144,240,48
4.1.1.128,90,150,30
4.1.1.129,111,185,37
4.1.1.130,15,25,0
4.1.1.15,12,20,0
4.1.1.17,18,30,0
4.1.1.18,33,55,0
4.1.1.2,36,60,12
4.1.1.20,18,30,0
4.1.1.21,36,60,0
4.1.1.23,9,15,0
4.1.1.25,12,20,0
4.1.1.28,30,50,0
4.1.1.29,27,45,0
4.1.1.31,9,15,0
4.1.1.32,18,30,0
4.1.1.33,33,55,0
4.1.1.35,27,45,0
4.1.1.36,21,35,0
4.1.1.37,15,25,0
4.1.1.39,12,20,0
4.1.1.4,24,40,0
4.1.1.43,60,100,20
4.1.1.44,60,100,20
4.1.1.45,63,105,21
4.1.1.46,81,135,27
4.1.1.47,63,105,21
4.1.1.48,27,45,0
4.1.1.49,15,25,0
4.1.1.5,24,40,0
4.1.1.50,3,5,0
4.1.1.51,93,155,31
4.1.1.52,27,45,9
4.1.1.55,72,120,24
4.1.1.59,90,150,30
4.1.1.6,57,95,19
4.1.1.61,45,75,15
4.1.1.63,36,60,12
4.1.1.64,108,180,36
4.1.1.65,21,35,0
4.1.1.68,78,130,26
4.1.1.69,45,75,15
4.1.1.7,81,135,27
4.1.1.71,0,0,0
4.1.1.72,51,85,17
4.1.1.73,45,75,15
4.1.1.74,48,80,16
4.1.1.75,96,160,32
4.1.1.76,144,240,48
4.1.1.77,30,50,10
4.1.1.79,45,75,15
4.1.1.8,69,115,23
4.1.1.80,93,155,31
4.1.1.81,42,70,14
4.1.1.82,84,140,28
4.1.1.83,45,75,0
4.1.1.84,42,70,0
4.1.1.86,69,115,23
4.1.1.87,141,235,47
4.1.1.9,51,85,17
4.1.1.90,48,80,16
4.1.1.93,93,155,31
4.1.1.94,21,35,0
4.1.1.96,36,60,12
4.1.1.97,33,55,0
4.1.1.98,9,15,0
4.1.1.99,111,185,37
4.1.2.-,9,15,0
4.1.2.11,90,150,30
4.1.2.13,21,35,0
4.1.2.14,54,90,0
4.1.2.17,36,60,0
4.1.2.19,15,25,0
4.1.2.20,21,35,0
4.1.2.21,60,100,20
4.1.2.22,114,190,38
4.1.2.25,24,40,0
4.1.2.27,36,60,0
4.1.2.28,48,80,16
4.1.2.29,54,90,18
4.1.2.34,114,190,38
4.1.2.4,18,30,0
4.1.2.40,30,50,0
4.1.2.42,132,220,44
4.1.2.43,18,30,0
4.1.2.44,114,190,38
4.1.2.45,45,75,15
4.1.2.47,72,120,24
4.1.2.48,48,80,0
4.1.2.49,63,105,21
4.1.2.50,30,50,0
4.1.2.52,24,40,0
4.1.2.53,15,25,0
4.1.2.54,90,150,30
4.1.2.55,45,75,15
4.1.2.56,63,105,21
4.1.2.57,36,60,12
4.1.2.58,153,255,51
4.1.2.59,108,180,36
4.1.2.61,111,185,37
4.1.2.62,75,125,25
4.1.2.63,33,55,0
4.1.2.65,123,205,41
4.1.2.66,108,180,36
4.1.2.8,66,110,22
4.1.3.-,54,90,18
4.1.3.1,6,10,0
4.1.3.16,27,45,0
4.1.3.17,12,20,0
4.1.3.24,36,60,0
4.1.3.25,51,85,17
4.1.3.26,135,225,45
4.1.3.27,12,20,0
4.1.3.32,102,170,34
4.1.3.34,45,75,15
4.1.3.36,33,55,0
4.1.3.39,9,15,0
4.1.3.4,30,50,0
4.1.3.41,81,135,27
4.1.3.42,30,50,10
4.1.3.43,51,85,0
4.1.3.44,36,60,0
4.1.3.45,87,145,29
4.1.3.46,84,140,28
4.1.3.6,24,40,0
4.1.99.-,33,55,0
4.1.99.1,27,45,0
4.1.99.11,33,55,11
4.1.99.12,12,20,0
4.1.99.13,66,110,22
4.1.99.14,45,75,15
4.1.99.16,126,210,42
4.1.99.17,24,40,0
4.1.99.19,54,90,18
4.1.99.2,30,50,0
4.1.99.20,57,95,19
4.1.99.22,15,25,0
4.1.99.23,48,80,0
4.1.99.24,72,120,24
4.1.99.25,78,130,26
4.1.99.26,36,60,12
4.1.99.27,102,170,34
4.1.99.28,78,130,26
4.1.99.29,126,210,42
4.1.99.3,36,60,0
4.1.99.5,30,50,0
4.2.-.-,21,35,0
4.2.1.-,30,50,0
4.2.1.100,123,205,41
4.2.1.103,81,135,27
4.2.1.104,27,45,0
4.2.1.105,117,195,39
4.2.1.106,93,155,31
4.2.1.107,57,95,19
4.2.1.109,12,20,0
4.2.1.11,12,20,0
4.2.1.110,129,215,43
4.2.1.112,126,210,42
4.2.1.113,12,20,0
4.2.1.114,33,55,0
4.2.1.115,45,75,15
4.2.1.116,84,140,28
4.2.1.117,90,150,30
4.2.1.119,18,30,0
4.2.1.12,27,45,9
4.2.1.120,120,200,40
4.2.1.121,63,105,21
4.2.1.123,81,135,27
4.2.1.124,129,215,43
4.2.1.125,111,185,37
4.2.1.126,27,45,0
4.2.1.127,99,165,33
4.2.1.128,120,200,40
4.2.1.129,54,90,18
4.2.1.130,27,45,0
4.2.1.131,42,70,14
4.2.1.132,99,165,33
4.2.1.133,33,55,11
4.2.1.134,45,75,0
4.2.1.135,111,185,37
4.2.1.136,30,50,0
4.2.1.137,99,165,33
4.2.1.138,102,170,34
4.2.1.139,54,90,18
4.2.1.140,63,105,21
4.2.1.141,66,110,22
4.2.1.142,51,85,17
4.2.1.143,45,75,15
4.2.1.144,105,175,35
4.2.1.145,87,145,29
4.2.1.146,96,160,32
4.2.1.147,42,70,0
4.2.1.148,51,85,17
4.2.1.149,24,40,0
4.2.1.150,36,60,12
4.2.1.152,30,50,0
4.2.1.153,75,125,25
4.2.1.154,114,190,38
4.2.1.156,87,145,29
4.2.1.157,69,115,23
4.2.1.158,141,235,47
4.2.1.159,42,70,14
4.2.1.161,132,220,44
4.2.1.162,117,195,39
4.2.1.164,96,160,32
4.2.1.166,99,165,33
4.2.1.167,63,105,21
4.2.1.17,9,15,0
4.2.1.171,48,80,16
4.2.1.172,90,150,30
4.2.1.173,120,200,40
4.2.1.174,39,65,13
4.2.1.175,54,90,18
4.2.1.177,105,175,35
4.2.1.18,60,100,20
4.2.1.180,138,230,46
4.2.1.182,33,55,0
4.2.1.183,24,40,8
4.2.1.19,21,35,0
4.2.1.2,12,20,0
4.2.1.20,6,10,0
4.2.1.22,30,50,0
4.2.1.24,9,15,0
4.2.1.25,66,110,22
4.2.1.28,42,70,14
4.2.1.3,24,40,0
4.2.1.31,63,105,21
4.2.1.32,27,45,0
4.2.1.33,6,10,0
4.2.1.35,96,160,32
4.2.1.36,30,50,0
4.2.1.39,21,35,0
4.2.1.40,36,60,12
4.2.1.41,15,25,0
4.2.1.42,69,115,23
4.2.1.43,117,195,39
4.2.1.44,3,5,0
4.2.1.45,114,190,38
4.2.1.46,42,70,0
4.2.1.47,18,30,0
4.2.1.48,54,90,18
4.2.1.49,21,35,0
4.2.1.5,96,160,32
4.2.1.50,144,240,48
4.2.1.51,3,5,0
4.2.1.53,36,60,12
4.2.1.54,51,85,17
4.2.1.55,54,90,18
4.2.1.56,54,90,18
4.2.1.59,18,30,0
4.2.1.65,54,90,18
4.2.1.66,30,50,0
4.2.1.67,147,245,49
4.2.1.68,30,50,10
4.2.1.69,15,25,0
4.2.1.7,66,110,22
4.2.1.70,15,25,0
4.2.1.75,15,25,0
4.2.1.76,81,135,27
4.2.1.77,21,35,0
4.2.1.79,33,55,0
4.2.1.8,9,15,0
4.2.1.80,21,35,0
4.2.1.82,36,60,12
4.2.1.83,108,180,36
4.2.1.84,24,40,0
4.2.1.85,60,100,20
4.2.1.9,18,30,0
4.2.1.90,18,30,0
4.2.1.91,36,60,0
4.2.1.92,39,65,0
4.2.1.94,42,70,14
4.2.1.95,126,210,42
4.2.1.96,9,15,0
4.2.1.99,24,40,0
4.2.2.-,24,40,0
4.2.2.1,30,50,0
4.2.2.10,27,45,0
4.2.2.12,114,190,38
4.2.2.14,117,195,39
4.2.2.15,108,180,36
4.2.2.17,105,175,35
4.2.2.2,27,45,0
4.2.2.20,93,155,31
4.2.2.22,30,50,10
4.2.2.23,21,35,0
4.2.2.24,147,245,49
4.2.2.25,147,245,49
4.2.2.26,63,105,21
4.2.2.29,57,95,19
4.2.2.3,12,20,0
4.2.2.5,72,120,24
4.2.2.6,72,120,24
4.2.2.7,45,75,15
4.2.2.8,42,70,14
4.2.2.9,57,95,19
4.2.2.n1,12,20,0
4.2.2.n2,27,45,0
4.2.3.-,9,15,0
4.2.3.1,21,35,0
4.2.3.10,66,110,22
4.2.3.100,45,75,15
4.2.3.102,105,175,35
4.2.3.104,24,40,0
4.2.3.105,39,65,0
4.2.3.106,12,20,0
4.2.3.107,30,50,0
4.2.3.108,36,60,0
4.2.3.109,96,160,32
4.2.3.11,78,130,26
4.2.3.110,42,70,14
4.2.3.111,30,50,0
4.2.3.112,12,20,4
4.2.3.113,42,70,0
4.2.3.114,45,75,0
4.2.3.115,30,50,10
4.2.3.116,114,190,38
4.2.3.117,30,50,10
4.2.3.118,63,105,21
4.2.3.12,33,55,0
4.2.3.120,30,50,0
4.2.3.122,54,90,18
4.2.3.123,63,105,21
4.2.3.124,33,55,0
4.2.3.125,30,50,0
4.2.3.126,57,95,0
4.2.3.127,30,50,0
4.2.3.128,45,75,15
4.2.3.129,45,75,15
4.2.3.13,30,50,0
4.2.3.130,117,195,39
4.2.3.131,39,65,13
4.2.3.132,36,60,12
4.2.3.133,30,50,0
4.2.3.134,78,130,26
4.2.3.135,15,25,0
4.2.3.136,117,195,39
4.2.3.137,51,85,17
4.2.3.138,99,165,33
4.2.3.139,123,205,41
4.2.3.140,96,160,32
4.2.3.141,96,160,32
4.2.3.143,108,180,36
4.2.3.144,90,150,30
4.2.3.145,39,65,13
4.2.3.146,117,195,39
4.2.3.147,81,135,27
4.2.3.148,141,235,47
4.2.3.149,81,135,27
4.2.3.15,18,30,0
4.2.3.150,120,200,40
4.2.3.151,75,125,25
4.2.3.153,24,40,0
4.2.3.154,93,155,31
4.2.3.155,60,100,20
4.2.3.156,51,85,17
4.2.3.157,45,75,15
4.2.3.158,123,205,41
4.2.3.159,102,170,34
4.2.3.16,33,55,0
4.2.3.160,30,50,10
4.2.3.161,123,205,41
4.2.3.162,93,155,31
4.2.3.163,18,30,6
4.2.3.164,57,95,19
4.2.3.165,69,115,23
4.2.3.166,75,125,25
4.2.3.167,81,135,27
4.2.3.168,96,160,32
4.2.3.169,96,160,32
4.2.3.17,54,90,18
4.2.3.170,108,180,36
4.2.3.171,24,40,8
4.2.3.172,126,210,42
4.2.3.173,42,70,14
4.2.3.175,129,215,43
4.2.3.176,93,155,31
4.2.3.177,99,165,33
4.2.3.178,111,185,37
4.2.3.179,111,185,37
4.2.3.181,138,230,46
4.2.3.182,51,85,17
4.2.3.183,147,245,49
4.2.3.184,111,185,37
4.2.3.185,87,145,29
4.2.3.186,120,200,40
4.2.3.187,117,195,39
4.2.3.188,123,205,41
4.2.3.189,75,125,25
4.2.3.19,42,70,0
4.2.3.191,81,135,27
4.2.3.192,90,150,30
4.2.3.193,81,135,27
4.2.3.195,117,195,39
4.2.3.196,111,185,37
4.2.3.197,96,160,32
4.2.3.198,39,65,13
4.2.3.199,78,130,26
4.2.3.2,45,75,15
4.2.3.20,57,95,19
4.2.3.200,72,120,24
4.2.3.201,111,185,37
4.2.3.202,87,145,29
4.2.3.203,159,265,53
4.2.3.204,27,45,9
4.2.3.206,132,220,44
4.2.3.21,45,75,15
4.2.3.211,108,180,36
4.2.3.214,117,195,39
4.2.3.215,117,195,39
4.2.3.216,108,180,36
4.2.3.217,117,195,39
4.2.3.218,102,170,34
4.2.3.219,114,190,38
4.2.3.22,57,95,19
4.2.3.220,81,135,27
4.2.3.221,90,150,30
4.2.3.222,117,195,39
4.2.3.223,129,215,43
4.2.3.224,111,185,37
4.2.3.225,129,215,43
4.2.3.226,102,170,34
4.2.3.227,129,215,43
4.2.3.228,48,80,16
4.2.3.229,54,90,18
4.2.3.24,126,210,42
4.2.3.25,15,25,0
4.2.3.26,42,70,0
4.2.3.27,33,55,11
4.2.3.28,48,80,16
4.2.3.29,60,100,20
4.2.3.3,36,60,0
4.2.3.30,69,115,23
4.2.3.31,138,230,46
4.2.3.32,15,25,0
4.2.3.33,120,200,40
4.2.3.34,165,275,55
4.2.3.35,84,140,28
4.2.3.36,153,255,51
4.2.3.37,105,175,35
4.2.3.38,30,50,10
4.2.3.39,111,185,37
4.2.3.40,33,55,11
4.2.3.42,102,170,34
4.2.3.43,54,90,18
4.2.3.44,48,80,16
4.2.3.45,99,165,33
4.2.3.46,36,60,0
4.2.3.47,24,40,0
4.2.3.48,42,70,14
4.2.3.5,15,25,0
4.2.3.50,105,175,35
4.2.3.51,111,185,37
4.2.3.52,36,60,0
4.2.3.53,126,210,42
4.2.3.54,42,70,14
4.2.3.55,39,65,0
4.2.3.56,126,210,42
4.2.3.57,27,45,0
4.2.3.59,42,70,14
4.2.3.6,30,50,0
4.2.3.60,72,120,24
4.2.3.61,36,60,12
4.2.3.62,99,165,33
4.2.3.65,60,100,20
4.2.3.66,117,195,39
4.2.3.67,102,170,34
4.2.3.68,84,140,28
4.2.3.7,33,55,11
4.2.3.70,90,150,30
4.2.3.71,27,45,9
4.2.3.72,102,170,34
4.2.3.73,33,55,11
4.2.3.74,114,190,38
4.2.3.75,45,75,0
4.2.3.76,81,135,27
4.2.3.77,48,80,16
4.2.3.78,111,185,37
4.2.3.79,63,105,21
4.2.3.8,150,250,50
4.2.3.80,111,185,37
4.2.3.81,36,60,0
4.2.3.82,60,100,20
4.2.3.84,123,205,41
4.2.3.85,105,175,35
4.2.3.86,66,110,22
4.2.3.87,66,110,22
4.2.3.88,42,70,14
4.2.3.89,111,185,37
4.2.3.9,33,55,11
4.2.3.90,90,150,30
4.2.3.91,81,135,27
4.2.3.94,57,95,19
4.2.3.95,108,180,36
4.2.3.96,84,140,28
4.2.3.97,114,190,38
4.2.3.99,90,150,30
4.2.99.-,24,40,0
4.2.99.18,6,10,0
4.2.99.20,12,20,0
4.2.99.21,39,65,13
4.2.99.23,126,210,42
4.2.99.24,78,130,26
4.3.1.-,48,80,16
4.3.1.1,27,45,0
4.3.1.12,30,50,0
4.3.1.14,84,140,28
4.3.1.15,54,90,18
4.3.1.16,81,135,27
4.3.1.17,24,40,0
4.3.1.18,9,15,0
4.3.1.19,27,45,0
4.3.1.23,36,60,12
4.3.1.24,21,35,0
4.3.1.25,60,100,20
4.3.1.27,132,220,44
4.3.1.28,108,180,36
4.3.1.29,120,200,40
4.3.1.3,9,15,0
4.3.1.30,129,215,43
4.3.1.32,27,45,0
4.3.1.33,84,140,28
4.3.1.4,57,95,19
4.3.1.7,9,15,0
4.3.1.9,126,210,42
4.3.2.-,45,75,15
4.3.2.10,12,20,0
4.3.2.11,51,85,17
4.3.2.2,27,45,0
4.3.2.5,30,50,0
4.3.2.6,105,175,35
4.3.2.7,12,20,0
4.3.2.9,39,65,0
4.3.3.-,39,65,13
4.3.3.5,108,180,36
4.3.3.6,12,20,0
4.3.3.7,12,20,0
4.3.3.8,66,110,22
4.3.3.9,0,0,0
4.3.99.3,9,15,0
4.3.99.4,66,110,22
4.3.99.5,78,130,26
4.4.-.-,33,55,11
4.4.1.1,33,55,0
4.4.1.11,27,45,0
4.4.1.13,21,35,0
4.4.1.14,36,60,0
4.4.1.15,18,30,0
4.4.1.16,33,55,0
4.4.1.17,18,30,0
4.4.1.19,36,60,12
4.4.1.2,21,35,0
4.4.1.20,18,30,0
4.4.1.22,18,30,0
4.4.1.23,108,180,36
4.4.1.24,36,60,12
4.4.1.25,66,110,22
4.4.1.26,93,155,31
4.4.1.28,51,85,0
4.4.1.3,15,25,0
4.4.1.34,153,255,51
4.4.1.35,111,185,37
4.4.1.37,114,190,38
4.4.1.38,63,105,21
4.4.1.4,57,95,19
4.4.1.41,108,180,36
4.4.1.42,102,170,34
4.4.1.43,75,125,25
4.4.1.5,21,35,0
4.4.1.9,39,65,0
4.5.1.-,51,85,17
4.5.1.1,33,55,0
4.5.1.3,60,100,20
4.6.1.-,9,15,0
4.6.1.1,21,35,0
4.6.1.12,9,15,0
4.6.1.13,45,75,15
4.6.1.14,66,110,22
4.6.1.16,9,15,0
4.6.1.17,3,5,0
4.6.1.18,12,20,0
4.6.1.19,21,35,0
4.6.1.2,21,35,0
4.6.1.20,87,145,29
4.6.1.21,111,185,37
4.6.1.22,0,0,0
4.6.1.23,78,130,26
4.6.1.24,18,30,0
4.6.1.26,33,55,0
4.6.1.6,48,80,16
4.7.1.1,81,135,27
4.8.1.2,63,105,21
4.8.1.4,105,175,35
4.8.1.5,57,95,19
4.8.1.6,84,140,28
4.8.1.7,138,230,46
4.8.1.8,87,145,29
4.98.1.1,27,45,0
4.99.1.10,36,60,12
4.99.1.11,33,55,0
4.99.1.12,9,15,0
4.99.1.2,36,60,0
4.99.1.3,24,40,0
4.99.1.4,27,45,0
4.99.1.8,114,190,38
4.99.1.9,21,35,0
5.1.-.-,6,10,0
5.1.1.-,18,30,0
5.1.1.1,27,45,0
5.1.1.10,42,70,0
5.1.1.11,0,0,0
5.1.1.12,105,175,35
5.1.1.13,48,80,16
5.1.1.14,93,155,31
5.1.1.15,96,160,32
5.1.1.17,57,95,19
5.1.1.18,21,35,0
5.1.1.19,78,130,26
5.1.1.2,54,90,18
5.1.1.20,45,75,15
5.1.1.21,105,175,35
5.1.1.22,87,145,29
5.1.1.23,51,85,17
5.1.1.24,69,115,23
5.1.1.3,15,25,0
5.1.1.4,39,65,13
5.1.1.5,57,95,19
5.1.1.7,9,15,0
5.1.1.8,24,40,0
5.1.2.1,45,75,15
5.1.2.2,114,190,38
5.1.2.3,12,20,0
5.1.2.7,135,225,45
5.1.3.-,30,50,0
5.1.3.10,123,205,41
5.1.3.11,39,65,13
5.1.3.13,12,20,0
5.1.3.15,24,40,8
5.1.3.17,42,70,14
5.1.3.18,75,125,25
5.1.3.19,51,85,17
5.1.3.2,21,35,0
5.1.3.21,108,180,36
5.1.3.22,12,20,0
5.1.3.23,90,150,30
5.1.3.24,27,45,0
5.1.3.25,120,200,40
5.1.3.27,96,160,32
5.1.3.29,15,25,0
5.1.3.3,24,40,0
5.1.3.30,75,125,25
5.1.3.31,36,60,12
5.1.3.32,18,30,0
5.1.3.33,90,150,30
5.1.3.34,105,175,35
5.1.3.35,132,220,44
5.1.3.37,36,60,0
5.1.3.38,162,270,54
5.1.3.4,21,35,0
5.1.3.40,78,130,26
5.1.3.41,45,75,15
5.1.3.42,93,155,31
5.1.3.5,33,55,0
5.1.3.6,36,60,0
5.1.3.7,33,55,0
5.1.3.8,33,55,11
5.1.3.9,12,20,0
5.1.99.-,69,115,23
5.1.99.1,57,95,19
5.1.99.4,87,145,29
5.1.99.5,48,80,16
5.1.99.6,12,20,0
5.1.99.7,36,60,12
5.1.99.8,15,25,0
5.2.1.1,54,90,18
5.2.1.12,72,120,24
5.2.1.13,60,100,20
5.2.1.14,39,65,13
5.2.1.2,18,30,0
5.2.1.8,15,25,0
5.3.1.1,3,5,0
5.3.1.12,0,0,0
5.3.1.13,27,45,0
5.3.1.14,15,25,0
5.3.1.15,48,80,16
5.3.1.16,21,35,0
5.3.1.17,15,25,0
5.3.1.22,39,65,0
5.3.1.23,12,20,0
5.3.1.24,15,25,0
5.3.1.26,12,20,0
5.3.1.27,51,85,17
5.3.1.28,15,25,0
5.3.1.29,42,70,0
5.3.1.30,24,40,0
5.3.1.31,45,75,15
5.3.1.32,21,35,0
5.3.1.33,30,50,0
5.3.1.34,51,85,17
5.3.1.35,36,60,12
5.3.1.36,123,205,41
5.3.1.37,132,220,44
5.3.1.4,12,20,0
5.3.1.5,12,20,0
5.3.1.6,9,15,0
5.3.1.8,18,30,0
5.3.1.9,9,15,0
5.3.2.-,9,15,0
5.3.2.1,36,60,0
5.3.2.2,30,50,0
5.3.2.3,120,200,40
5.3.2.5,15,25,0
5.3.2.6,36,60,0
5.3.2.8,84,140,28
5.3.3.-,24,40,0
5.3.3.1,15,25,0
5.3.3.10,42,70,14
5.3.3.12,39,65,0
5.3.3.13,108,180,36
5.3.3.14,15,25,0
5.3.3.17,48,80,16
5.3.3.18,99,165,33
5.3.3.19,60,100,20
5.3.3.2,30,50,0
5.3.3.21,54,90,18
5.3.3.22,30,50,0
5.3.3.23,141,235,47
5.3.3.3,126,210,42
5.3.3.4,36,60,12
5.3.3.5,60,100,20
5.3.3.6,150,250,50
5.3.3.7,117,195,39
5.3.3.8,24,40,0
5.3.99.10,102,170,34
5.3.99.11,57,95,19
5.3.99.12,96,160,32
5.3.99.13,126,210,42
5.3.99.2,24,40,0
5.3.99.3,30,50,0
5.3.99.4,51,85,17
5.3.99.6,39,65,13
5.3.99.7,123,205,41
5.3.99.8,45,75,15
5.3.99.9,54,90,18
5.4.-.-,63,105,21
5.4.1.3,117,195,39
5.4.1.4,90,150,30
5.4.2.-,9,15,0
5.4.2.11,6,10,0
5.4.2.12,12,20,0
5.4.2.13,96,160,32
5.4.2.2,27,45,0
5.4.2.3,21,35,0
5.4.2.6,30,50,10
5.4.2.7,3,5,0
5.4.2.8,12,20,0
5.4.3.-,30,50,0
5.4.3.10,48,80,16
5.4.3.2,45,75,15
5.4.3.3,48,80,16
5.4.3.5,90,150,30
5.4.3.6,60,100,20
5.4.3.8,18,30,0
5.4.3.9,138,230,46
5.4.4.1,111,185,37
5.4.4.2,36,60,0
5.4.4.3,147,245,49
5.4.4.5,0,0,0
5.4.4.6,0,0,0
5.4.4.7,42,70,14
5.4.4.8,108,180,36
5.4.99.-,12,20,0
5.4.99.1,21,35,0
5.4.99.12,6,10,0
5.4.99.13,0,0,0
5.4.99.14,81,135,27
5.4.99.15,27,45,9
5.4.99.16,27,45,9
5.4.99.17,24,40,8
5.4.99.18,12,20,0
5.4.99.2,15,25,0
5.4.99.20,12,20,0
5.4.99.21,51,85,17
5.4.99.23,30,50,0
5.4.99.24,24,40,0
5.4.99.25,15,25,0
5.4.99.26,21,35,0
5.4.99.27,15,25,0
5.4.99.28,15,25,0
5.4.99.29,27,45,0
5.4.99.30,24,40,0
5.4.99.31,99,165,33
5.4.99.32,63,105,21
5.4.99.34,78,130,26
5.4.99.35,69,115,23
5.4.99.36,117,195,39
5.4.99.37,126,210,42
5.4.99.38,126,210,42
5.4.99.39,27,45,0
5.4.99.4,120,200,40
5.4.99.40,42,70,14
5.4.99.41,33,55,0
5.4.99.42,72,120,24
5.4.99.43,36,60,12
5.4.99.45,45,75,15
5.4.99.46,96,160,32
5.4.99.47,114,190,38
5.4.99.48,108,180,36
5.4.99.49,150,250,50
5.4.99.5,9,15,0
5.4.99.50,114,190,38
5.4.99.51,123,205,41
5.4.99.52,99,165,33
5.4.99.53,120,200,40
5.4.99.54,105,175,35
5.4.99.55,105,175,35
5.4.99.56,42,70,14
5.4.99.57,126,210,42
5.4.99.58,69,115,23
5.4.99.59,111,185,37
5.4.99.60,57,95,19
5.4.99.61,51,85,17
5.4.99.62,12,20,0
5.4.99.63,60,100,20
5.4.99.64,72,120,24
5.4.99.65,126,210,42
5.4.99.66,123,205,41
5.4.99.67,72,120,24
5.4.99.7,36,60,0
5.4.99.8,27,45,0
5.4.99.9,27,45,0
5.5.-.-,72,120,24
5.5.1.1,42,70,14
5.5.1.13,33,55,0
5.5.1.14,24,40,8
5.5.1.15,111,185,37
5.5.1.16,99,165,33
5.5.1.17,75,125,25
5.5.1.18,45,75,15
5.5.1.19,12,20,0
5.5.1.2,42,70,14
5.5.1.20,102,170,34
5.5.1.24,81,135,27
5.5.1.25,63,105,21
5.5.1.26,117,195,39
5.5.1.27,120,200,40
5.5.1.28,30,50,10
5.5.1.29,72,120,24
5.5.1.30,126,210,42
5.5.1.34,54,90,18
5.5.1.35,105,175,35
5.5.1.37,138,230,46
5.5.1.38,87,145,29
5.5.1.4,21,35,0
5.5.1.5,111,185,37
5.5.1.6,21,35,0
5.5.1.8,96,160,32
5.5.1.9,126,210,42
5.6.1.1,21,35,0
5.6.1.3,0,0,0
5.6.1.4,84,140,28
5.6.1.6,0,0,0
5.6.1.7,6,10,0
5.6.2.-,21,35,0
5.6.2.2,15,25,0
5.6.2.3,9,15,0
5.6.2.4,12,20,0
5.6.2.5,66,110,22
5.99.-.-,21,35,0
5.99.1.-,42,70,14
5.99.1.4,75,125,25
6.-.-.-,12,20,0
6.1.-.-,33,55,11
6.1.1.-,9,15,0
6.1.1.1,30,50,0
6.1.1.10,9,15,0
6.1.1.11,21,35,0
6.1.1.12,24,40,0
6.1.1.14,3,5,0
6.1.1.16,3,5,0
6.1.1.17,12,20,0
6.1.1.18,15,25,0
6.1.1.19,15,25,0
6.1.1.2,12,20,0
6.1.1.20,12,20,0
6.1.1.21,15,25,0
6.1.1.22,27,45,0
6.1.1.23,9,15,0
6.1.1.24,21,35,7
6.1.1.26,30,50,10
6.1.1.27,18,30,0
6.1.1.4,12,20,0
6.1.1.6,9,15,0
6.1.1.7,15,25,0
6.1.1.9,42,70,0
6.1.2.-,0,0,0
6.1.2.1,93,155,31
6.1.2.2,108,180,36
6.1.3.1,57,95,19
6.2.-.-,60,100,0
6.2.1.-,15,25,0
6.2.1.12,27,45,0
6.2.1.14,12,20,0
6.2.1.15,15,25,0
6.2.1.16,39,65,0
6.2.1.17,21,35,0
6.2.1.19,57,95,19
6.2.1.2,15,25,0
6.2.1.20,24,40,0
6.2.1.22,36,60,12
6.2.1.24,39,65,13
6.2.1.25,54,90,0
6.2.1.26,9,15,0
6.2.1.27,27,45,9
6.2.1.3,12,20,0
6.2.1.30,66,110,22
6.2.1.32,150,250,50
6.2.1.33,84,140,28
6.2.1.34,30,50,0
6.2.1.35,129,215,43
6.2.1.36,81,135,27
6.2.1.37,51,85,17
6.2.1.39,126,210,42
6.2.1.4,33,55,0
6.2.1.40,63,105,21
6.2.1.41,57,95,19
6.2.1.42,39,65,13
6.2.1.43,153,255,51
6.2.1.44,84,140,28
6.2.1.45,36,60,12
6.2.1.46,108,180,36
6.2.1.47,27,45,0
6.2.1.48,30,50,0
6.2.1.5,9,15,0
6.2.1.50,93,155,31
6.2.1.51,60,100,20
6.2.1.53,42,70,14
6.2.1.54,9,15,0
6.2.1.56,96,160,32
6.2.1.57,72,120,24
6.2.1.59,42,70,14
6.2.1.60,129,215,43
6.2.1.61,39,65,13
6.2.1.62,129,215,43
6.2.1.63,0,0,0
6.2.1.64,45,75,0
6.2.1.65,111,185,37
6.2.1.66,0,0,0
6.2.1.67,0,0,0
6.2.1.68,0,0,0
6.2.1.7,30,50,10
6.2.1.70,96,160,32
6.2.1.71,63,105,21
6.2.1.72,96,160,32
6.2.1.75,111,185,37
6.2.1.76,36,60,12
6.2.1.8,48,80,16
6.2.1.9,69,115,23
6.2.1.n2,57,95,19
6.3.-.-,123,205,41
6.3.1.-,36,60,0
6.3.1.1,15,25,0
6.3.1.11,60,100,20
6.3.1.12,129,215,43
6.3.1.13,12,20,0
6.3.1.14,45,75,15
6.3.1.15,129,215,43
6.3.1.18,111,185,37
6.3.1.2,18,30,0
6.3.1.20,21,35,0
6.3.1.21,12,20,0
6.3.1.5,6,10,0
6.3.1.6,114,190,38
6.3.1.8,69,115,23
6.3.1.9,84,140,28
6.3.2.1,12,20,0
6.3.2.10,15,25,0
6.3.2.11,72,120,24
6.3.2.12,27,45,0
6.3.2.14,21,35,7
6.3.2.17,18,30,0
6.3.2.20,126,210,42
6.3.2.25,36,60,12
6.3.2.26,81,135,27
6.3.2.29,39,65,13
6.3.2.3,15,25,0
6.3.2.30,57,95,19
6.3.2.31,24,40,0
6.3.2.33,39,65,13
6.3.2.34,30,50,0
6.3.2.35,51,85,17
6.3.2.37,93,155,31
6.3.2.38,72,120,24
6.3.2.39,63,105,21
6.3.2.4,12,20,0
6.3.2.40,0,0,0
6.3.2.41,42,70,14
6.3.2.42,48,80,16
6.3.2.45,81,135,27
6.3.2.47,96,160,32
6.3.2.48,147,245,49
6.3.2.49,33,55,11
6.3.2.5,30,50,0
6.3.2.50,0,0,0
6.3.2.52,63,105,21
6.3.2.53,18,30,0
6.3.2.54,141,235,47
6.3.2.55,126,210,42
6.3.2.56,84,140,28
6.3.2.58,138,230,46
6.3.2.59,51,85,17
6.3.2.6,0,0,0
6.3.2.64,108,180,36
6.3.2.7,33,55,0
6.3.2.8,9,15,0
6.3.2.9,21,35,0
6.3.2.n3,66,110,22
6.3.3.-,0,0,0
6.3.3.1,12,20,0
6.3.3.2,33,55,0
6.3.3.3,15,25,0
6.3.3.4,123,205,41
6.3.3.5,81,135,27
6.3.3.7,45,75,15
6.3.4.-,15,25,0
6.3.4.10,42,70,14
6.3.4.11,42,70,14
6.3.4.12,69,115,23
6.3.4.14,18,30,0
6.3.4.15,21,35,0
6.3.4.16,42,70,0
6.3.4.18,39,65,0
6.3.4.19,18,30,0
6.3.4.2,3,5,0
6.3.4.20,6,10,0
6.3.4.21,9,15,0
6.3.4.22,3,5,0
6.3.4.23,33,55,0
6.3.4.24,57,95,19
6.3.4.25,78,130,26
6.3.4.4,9,15,0
6.3.4.5,18,30,0
6.3.4.6,0,0,0
6.3.4.9,60,100,20
6.3.5.-,12,20,0
6.3.5.1,12,20,0
6.3.5.11,21,35,0
6.3.5.12,27,45,0
6.3.5.13,39,65,13
6.3.5.2,6,10,0
6.3.5.3,15,25,0
6.3.5.4,45,75,0
6.3.5.5,45,75,0
6.3.5.7,6,10,0
6.3.5.9,21,35,0
6.4.-.-,66,110,22
6.4.1.-,87,145,29
6.4.1.1,27,45,9
6.4.1.2,102,170,34
6.4.1.3,27,45,0
6.4.1.4,24,40,0
6.4.1.6,39,65,13
6.4.1.7,66,110,22
6.4.1.8,63,105,21
6.4.1.9,60,100,20
6.5.1.-,36,60,0
6.5.1.1,18,30,0
6.5.1.2,9,15,0
6.5.1.3,18,30,0
6.5.1.4,18,30,0
6.5.1.5,144,240,48
6.5.1.6,48,80,16
6.5.1.7,42,70,14
6.5.1.8,24,40,0
6.5.1.9,18,30,0
6.6.1.1,39,65,0
6.6.1.2,57,95,19
6.7.1.1,120,200,40
6.7.1.2,90,150,30
7.-.-.-,9,15,0
7.1.1.-,9,15,0
7.1.1.1,24,40,0
7.1.1.2,12,20,0
7.1.1.3,12,20,0
7.1.1.6,15,25,0
7.1.1.8,12,20,0
7.1.1.9,15,25,0
7.1.2.1,27,45,0
7.1.2.2,3,5,0
7.1.3.1,39,65,0
7.2.1.-,30,50,0
7.2.1.1,6,10,0
7.2.1.2,33,55,11
7.2.1.3,30,50,0
7.2.1.4,18,30,0
7.2.2.-,6,10,0
7.2.2.1,42,70,14
7.2.2.11,36,60,0
7.2.2.12,21,35,0
7.2.2.13,39,65,0
7.2.2.14,33,55,11
7.2.2.15,120,200,40
7.2.2.16,69,115,23
7.2.2.17,129,215,43
7.2.2.18,123,205,41
7.2.2.19,0,0,0
7.2.2.2,0,0,0
7.2.2.20,18,30,0
7.2.2.21,36,60,0
7.2.2.22,48,80,16
7.2.2.3,60,100,20
7.2.2.4,75,125,25
7.2.2.5,99,165,33
7.2.2.6,18,30,0
7.2.2.7,18,30,0
7.2.2.8,27,45,0
7.2.2.9,30,50,0
7.2.3.1,45,75,0
7.2.4.1,120,200,40
7.2.4.3,39,65,0
7.2.4.5,60,100,20
7.3.2.1,6,10,0
7.3.2.2,9,15,0
7.3.2.4,33,55,11
7.3.2.5,30,50,0
7.3.2.6,45,75,0
7.3.2.7,21,35,0
7.4.2.-,21,35,0
7.4.2.1,18,30,0
7.4.2.10,9,15,0
7.4.2.11,12,20,0
7.4.2.12,102,170,34
7.4.2.14,33,55,11
7.4.2.4,66,110,22
7.4.2.5,15,25,0
7.4.2.6,12,20,0
7.4.2.7,0,0,0
7.4.2.8,9,15,0
7.4.2.9,42,70,0
7.5.2.-,21,35,0
7.5.2.1,24,40,0
7.5.2.10,21,35,0
7.5.2.11,18,30,0
7.5.2.12,15,25,0
7.5.2.13,63,105,21
7.5.2.4,21,35,0
7.5.2.5,99,165,33
7.5.2.6,15,25,0
7.5.2.7,36,60,0
7.5.2.8,156,260,52
7.5.2.9,84,140,28
7.6.-.-,0,0,0
7.6.2.-,15,25,0
7.6.2.1,87,145,29
7.6.2.10,15,25,0
7.6.2.11,9,15,0
7.6.2.13,27,45,0
7.6.2.14,18,30,0
7.6.2.15,21,35,0
7.6.2.16,126,210,42
7.6.2.2,39,65,0
7.6.2.4,105,175,35
7.6.2.5,15,25,0
7.6.2.6,51,85,17
7.6.2.7,12,20,0
7.6.2.8,15,25,0
7.6.2.9,39,65,0
